Unnamed: 0,Date,Time [s],Cycle,Step,Current [A],Voltage [V],Capacity [Ah]
78959,2024-03-01 07:16:18.994,78949.90000000001,1,6,0.0040000999999999,3.5958,0.0279943000000001
78960,2024-03-01 07:16:19.994,78950.90000000001,1,6,0.00400009,3.5958,0.0279954100000001
78961,2024-03-01 07:16:20.994,78951.90000000001,1,6,0.00400008,3.5958,0.0279965200000001
78962,2024-03-01 07:16:21.994,78952.90000000001,1,6,0.00400009,3.5958,0.0279976300000001
78963,2024-03-01 07:16:22.994,78953.90000000001,1,6,0.00400009,3.5958,0.0279987400000001
78964,2024-03-01 07:16:23.994,78954.90000000001,1,6,0.00400009,3.5958,0.0279998500000001
78965,2024-03-01 07:16:24.994,78955.90000000001,1,6,0.00400009,3.5959,0.0280009600000001
78966,2024-03-01 07:16:25.994,78956.90000000001,1,6,0.00400008,3.5959,0.0280020700000001
78967,2024-03-01 07:16:26.994,78957.90000000001,1,6,0.00400008,3.5959,0.0280031800000001
78968,2024-03-01 07:16:27.994,78958.90000000001,1,6,0.00400008,3.5959,0.0280043000000001
78969,2024-03-01 07:16:28.994,78959.90000000001,1,6,0.00400009,3.596,0.0280054100000001
78970,2024-03-01 07:16:29.994,78960.90000000001,1,6,0.00400008,3.5959,0.0280065200000001
78971,2024-03-01 07:16:30.994,78961.90000000001,1,6,0.00400009,3.596,0.0280076300000001
78972,2024-03-01 07:16:31.994,78962.90000000001,1,6,0.00400008,3.596,0.0280087400000001
78973,2024-03-01 07:16:32.994,78963.90000000001,1,6,0.00400009,3.596,0.0280098500000001
78974,2024-03-01 07:16:33.994,78964.90000000001,1,6,0.00400009,3.596,0.0280109600000001
78975,2024-03-01 07:16:34.994,78965.90000000001,1,6,0.00400009,3.5961,0.0280120700000001
78976,2024-03-01 07:16:35.994,78966.90000000001,1,6,0.0040000999999999,3.5961,0.0280131900000001
78977,2024-03-01 07:16:36.994,78967.90000000001,1,6,0.0040000999999999,3.5961,0.0280143000000001
78978,2024-03-01 07:16:37.994,78968.90000000001,1,6,0.0040000999999999,3.5961,0.0280154100000001
78979,2024-03-01 07:16:38.994,78969.90000000001,1,6,0.00400009,3.5961,0.0280165200000001
78980,2024-03-01 07:16:39.994,78970.90000000001,1,6,0.0040000999999999,3.5962,0.0280176300000001
78981,2024-03-01 07:16:40.994,78971.90000000001,1,6,0.0040000999999999,3.5962,0.0280187400000001
78982,2024-03-01 07:16:41.994,78972.90000000001,1,6,0.00400009,3.5962,0.0280198500000001
78983,2024-03-01 07:16:42.994,78973.90000000001,1,6,0.00400009,3.5962,0.0280209600000001
78984,2024-03-01 07:16:43.994,78974.90000000001,1,6,0.00400008,3.5962,0.0280220700000001
78985,2024-03-01 07:16:44.994,78975.90000000001,1,6,0.00400009,3.5963,0.0280231900000001
78986,2024-03-01 07:16:45.994,78976.90000000001,1,6,0.00400009,3.5963,0.0280243000000001
78987,2024-03-01 07:16:46.994,78977.90000000001,1,6,0.00400009,3.5963,0.0280254100000001
78988,2024-03-01 07:16:47.994,78978.90000000001,1,6,0.0040000999999999,3.5963,0.0280265200000001
78989,2024-03-01 07:16:48.994,78979.90000000001,1,6,0.00400011,3.5963,0.0280276300000001
78990,2024-03-01 07:16:49.994,78980.90000000001,1,6,0.00400012,3.5964,0.0280287400000001
78991,2024-03-01 07:16:50.994,78981.90000000001,1,6,0.00400012,3.5964,0.0280298500000001
78992,2024-03-01 07:16:51.994,78982.90000000001,1,6,0.0040000999999999,3.5964,0.0280309600000001
78993,2024-03-01 07:16:52.994,78983.90000000001,1,6,0.00400011,3.5964,0.0280320700000001
78994,2024-03-01 07:16:53.994,78984.90000000001,1,6,0.00400011,3.5964,0.0280331900000001
78995,2024-03-01 07:16:54.994,78985.90000000001,1,6,0.00400012,3.5964,0.0280343000000001
78996,2024-03-01 07:16:55.994,78986.90000000001,1,6,0.00400012,3.5965,0.0280354100000001
78997,2024-03-01 07:16:56.994,78987.90000000001,1,6,0.00400012,3.5965,0.0280365200000001
78998,2024-03-01 07:16:57.994,78988.90000000001,1,6,0.00400011,3.5965,0.0280376300000001
78999,2024-03-01 07:16:58.994,78989.90000000001,1,6,0.00400008,3.5965,0.0280387400000001
79000,2024-03-01 07:16:59.994,78990.90000000001,1,6,0.0040000999999999,3.5966,0.0280398500000001
79001,2024-03-01 07:17:00.994,78991.90000000001,1,6,0.00400009,3.5966,0.0280409600000001
79002,2024-03-01 07:17:01.994,78992.90000000001,1,6,0.00400012,3.5966,0.0280420700000001
79003,2024-03-01 07:17:02.994,78993.90000000001,1,6,0.00400011,3.5966,0.0280431900000001
79004,2024-03-01 07:17:03.994,78994.90000000001,1,6,0.00400012,3.5966,0.0280443000000001
79005,2024-03-01 07:17:04.994,78995.90000000001,1,6,0.00400012,3.5966,0.0280454100000001
79006,2024-03-01 07:17:05.994,78996.90000000001,1,6,0.00400011,3.5966,0.0280465200000001
79007,2024-03-01 07:17:06.994,78997.90000000001,1,6,0.0040000999999999,3.5967,0.0280476300000001
79008,2024-03-01 07:17:07.994,78998.90000000001,1,6,0.00400012,3.5967,0.0280487400000001
79009,2024-03-01 07:17:08.994,78999.90000000001,1,6,0.00400013,3.5967,0.0280498500000001
79010,2024-03-01 07:17:09.994,79000.90000000001,1,6,0.00400012,3.5967,0.0280509600000001
79011,2024-03-01 07:17:10.994,79001.90000000001,1,6,0.00400011,3.5968,0.0280520700000001
79012,2024-03-01 07:17:11.994,79002.90000000001,1,6,0.00400011,3.5968,0.0280531900000001
79013,2024-03-01 07:17:12.994,79003.90000000001,1,6,0.00400012,3.5968,0.0280543000000001
79014,2024-03-01 07:17:13.994,79004.90000000001,1,6,0.00400011,3.5968,0.0280554100000001
79015,2024-03-01 07:17:14.994,79005.90000000001,1,6,0.00400012,3.5969,0.0280565200000001
79016,2024-03-01 07:17:15.994,79006.90000000001,1,6,0.00400013,3.5969,0.0280576300000001
79017,2024-03-01 07:17:16.994,79007.90000000001,1,6,0.00400013,3.5969,0.0280587400000001
79018,2024-03-01 07:17:17.994,79008.90000000001,1,6,0.00400012,3.5969,0.0280598500000001
79019,2024-03-01 07:17:18.994,79009.90000000001,1,6,0.00400011,3.5969,0.0280609600000001
79020,2024-03-01 07:17:19.994,79010.90000000001,1,6,0.0040000999999999,3.5969,0.0280620800000001
79021,2024-03-01 07:17:20.994,79011.90000000001,1,6,0.00400011,3.5969,0.0280631900000001
79022,2024-03-01 07:17:21.994,79012.90000000001,1,6,0.00400012,3.597,0.0280643000000001
79023,2024-03-01 07:17:22.994,79013.90000000001,1,6,0.00400012,3.597,0.0280654100000001
79024,2024-03-01 07:17:23.994,79014.90000000001,1,6,0.0040000999999999,3.597,0.0280665200000001
79025,2024-03-01 07:17:24.994,79015.90000000001,1,6,0.00400011,3.597,0.0280676300000001
79026,2024-03-01 07:17:25.994,79016.90000000001,1,6,0.0040000999999999,3.597,0.0280687400000001
79027,2024-03-01 07:17:26.994,79017.90000000001,1,6,0.0040000999999999,3.5971,0.0280698500000001
79028,2024-03-01 07:17:27.994,79018.90000000001,1,6,0.00400012,3.5971,0.0280709600000001
79029,2024-03-01 07:17:28.994,79019.90000000001,1,6,0.00400013,3.5971,0.0280720800000001
79030,2024-03-01 07:17:29.994,79020.90000000001,1,6,0.00400013,3.5971,0.0280731900000001
79031,2024-03-01 07:17:30.994,79021.90000000001,1,6,0.00400013,3.5971,0.0280743000000001
79032,2024-03-01 07:17:31.994,79022.90000000001,1,6,0.00400013,3.5972,0.0280754100000001
79033,2024-03-01 07:17:32.994,79023.90000000001,1,6,0.00400014,3.5972,0.0280765200000001
79034,2024-03-01 07:17:33.994,79024.90000000001,1,6,0.00400014,3.5972,0.0280776300000001
79035,2024-03-01 07:17:34.994,79025.90000000001,1,6,0.00400013,3.5972,0.0280787400000001
79036,2024-03-01 07:17:35.994,79026.90000000001,1,6,0.00400012,3.5973,0.0280798500000001
79037,2024-03-01 07:17:36.994,79027.90000000001,1,6,0.00400011,3.5973,0.0280809600000001
79038,2024-03-01 07:17:37.994,79028.90000000001,1,6,0.00400011,3.5973,0.0280820800000001
79039,2024-03-01 07:17:38.994,79029.90000000001,1,6,0.0040000999999999,3.5973,0.0280831900000001
79040,2024-03-01 07:17:39.994,79030.90000000001,1,6,0.00400011,3.5973,0.0280843000000001
79041,2024-03-01 07:17:40.994,79031.90000000001,1,6,0.00400013,3.5973,0.0280854100000001
79042,2024-03-01 07:17:41.994,79032.90000000001,1,6,0.00400012,3.5973,0.0280865200000001
79043,2024-03-01 07:17:42.994,79033.90000000001,1,6,0.0040000999999999,3.5974,0.0280876300000001
79044,2024-03-01 07:17:43.994,79034.90000000001,1,6,0.00400009,3.5974,0.0280887400000001
79045,2024-03-01 07:17:44.994,79035.90000000001,1,6,0.00400009,3.5974,0.0280898500000001
79046,2024-03-01 07:17:45.994,79036.90000000001,1,6,0.0040000999999999,3.5974,0.0280909600000001
79047,2024-03-01 07:17:46.994,79037.90000000001,1,6,0.00400011,3.5974,0.0280920800000001
79048,2024-03-01 07:17:47.994,79038.90000000001,1,6,0.00400009,3.5975,0.0280931900000001
79049,2024-03-01 07:17:48.994,79039.90000000001,1,6,0.0040000999999999,3.5975,0.0280943000000001
79050,2024-03-01 07:17:49.994,79040.90000000001,1,6,0.0040000999999999,3.5975,0.0280954100000001
79051,2024-03-01 07:17:50.994,79041.90000000001,1,6,0.00400011,3.5975,0.0280965200000001
79052,2024-03-01 07:17:51.994,79042.90000000001,1,6,0.00400011,3.5975,0.0280976300000001
79053,2024-03-01 07:17:52.994,79043.90000000001,1,6,0.00400011,3.5976,0.0280987400000001
79054,2024-03-01 07:17:53.994,79044.90000000001,1,6,0.0040000999999999,3.5976,0.0280998500000001
79055,2024-03-01 07:17:54.994,79045.90000000001,1,6,0.0040000999999999,3.5976,0.0281009600000001
79056,2024-03-01 07:17:55.994,79046.90000000001,1,6,0.00400011,3.5976,0.0281020800000001
79057,2024-03-01 07:17:56.994,79047.90000000001,1,6,0.00400009,3.5977,0.0281031900000001
79058,2024-03-01 07:17:57.994,79048.90000000001,1,6,0.0040000999999999,3.5977,0.0281043000000001
79059,2024-03-01 07:17:58.994,79049.90000000001,1,6,0.00400009,3.5976,0.0281054100000001
79060,2024-03-01 07:17:59.994,79050.90000000001,1,6,0.00400008,3.5977,0.0281065200000001
79061,2024-03-01 07:18:00.994,79051.90000000001,1,6,0.0040000999999999,3.5977,0.0281076300000001
79062,2024-03-01 07:18:01.994,79052.90000000001,1,6,0.00400012,3.5977,0.0281087400000001
79063,2024-03-01 07:18:02.994,79053.90000000001,1,6,0.00400011,3.5977,0.0281098500000001
79064,2024-03-01 07:18:03.994,79054.90000000001,1,6,0.0040000999999999,3.5977,0.0281109700000001
79065,2024-03-01 07:18:04.994,79055.90000000001,1,6,0.0040000999999999,3.5978,0.0281120800000001
79066,2024-03-01 07:18:05.994,79056.90000000001,1,6,0.0040000999999999,3.5978,0.0281131900000001
79067,2024-03-01 07:18:06.994,79057.90000000001,1,6,0.00400011,3.5978,0.0281143000000001
79068,2024-03-01 07:18:07.994,79058.90000000001,1,6,0.0040000999999999,3.5978,0.0281154100000001
79069,2024-03-01 07:18:08.994,79059.90000000001,1,6,0.00400009,3.5978,0.0281165200000001
79070,2024-03-01 07:18:09.994,79060.90000000001,1,6,0.0040000999999999,3.5979,0.0281176300000001
79071,2024-03-01 07:18:10.994,79061.90000000001,1,6,0.00400011,3.5979,0.0281187400000001
79072,2024-03-01 07:18:11.994,79062.90000000001,1,6,0.0040000999999999,3.5979,0.0281198500000001
79073,2024-03-01 07:18:12.994,79063.90000000001,1,6,0.0040000999999999,3.5979,0.0281209700000001
79074,2024-03-01 07:18:13.994,79064.90000000001,1,6,0.00400009,3.598,0.0281220800000001
79075,2024-03-01 07:18:14.994,79065.90000000001,1,6,0.00400009,3.598,0.0281231900000001
79076,2024-03-01 07:18:15.994,79066.90000000001,1,6,0.0040000999999999,3.598,0.0281243000000001
79077,2024-03-01 07:18:16.994,79067.90000000001,1,6,0.00400008,3.598,0.0281254100000001
79078,2024-03-01 07:18:17.994,79068.90000000001,1,6,0.0040000999999999,3.598,0.0281265200000001
79079,2024-03-01 07:18:18.994,79069.90000000001,1,6,0.00400009,3.598,0.0281276300000001
79080,2024-03-01 07:18:19.994,79070.90000000001,1,6,0.00400009,3.5981,0.0281287400000001
79081,2024-03-01 07:18:20.994,79071.90000000001,1,6,0.00400009,3.5981,0.0281298500000001
79082,2024-03-01 07:18:21.994,79072.90000000001,1,6,0.00400011,3.5981,0.0281309700000001
79083,2024-03-01 07:18:22.994,79073.90000000001,1,6,0.00400012,3.5981,0.0281320800000001
79084,2024-03-01 07:18:23.994,79074.90000000001,1,6,0.00400011,3.5981,0.0281331900000001
79085,2024-03-01 07:18:24.994,79075.90000000001,1,6,0.00400011,3.5982,0.0281343000000001
79086,2024-03-01 07:18:25.994,79076.90000000001,1,6,0.00400009,3.5982,0.0281354100000001
79087,2024-03-01 07:18:26.994,79077.90000000001,1,6,0.00400008,3.5982,0.0281365200000001
79088,2024-03-01 07:18:27.994,79078.90000000001,1,6,0.00400008,3.5982,0.0281376300000001
79089,2024-03-01 07:18:28.994,79079.90000000001,1,6,0.00400009,3.5983,0.0281387400000001
79090,2024-03-01 07:18:29.994,79080.90000000001,1,6,0.00400008,3.5983,0.0281398600000001
79091,2024-03-01 07:18:30.994,79081.90000000001,1,6,0.00400009,3.5983,0.0281409700000001
79092,2024-03-01 07:18:31.994,79082.90000000001,1,6,0.00400009,3.5983,0.0281420800000001
79093,2024-03-01 07:18:32.994,79083.90000000001,1,6,0.00400009,3.5983,0.0281431900000001
79094,2024-03-01 07:18:33.994,79084.90000000001,1,6,0.0040000999999999,3.5983,0.0281443000000001
79095,2024-03-01 07:18:34.994,79085.90000000001,1,6,0.00400011,3.5984,0.0281454100000001
79096,2024-03-01 07:18:35.994,79086.90000000001,1,6,0.00400007,3.5984,0.0281465200000001
79097,2024-03-01 07:18:36.994,79087.90000000001,1,6,0.0040000999999999,3.5984,0.0281476300000001
79098,2024-03-01 07:18:37.994,79088.90000000001,1,6,0.00400011,3.5984,0.0281487400000001
79099,2024-03-01 07:18:38.994,79089.90000000001,1,6,0.0040000999999999,3.5984,0.0281498600000001
79100,2024-03-01 07:18:39.994,79090.90000000001,1,6,0.00400011,3.5985,0.0281509700000001
79101,2024-03-01 07:18:40.994,79091.90000000001,1,6,0.00400009,3.5985,0.0281520800000001
79102,2024-03-01 07:18:41.994,79092.90000000001,1,6,0.00400011,3.5985,0.0281531900000001
79103,2024-03-01 07:18:42.994,79093.90000000001,1,6,0.00400011,3.5985,0.0281543000000001
79104,2024-03-01 07:18:43.994,79094.90000000001,1,6,0.00400012,3.5985,0.0281554100000001
79105,2024-03-01 07:18:44.994,79095.90000000001,1,6,0.00400013,3.5986,0.0281565200000001
79106,2024-03-01 07:18:45.994,79096.90000000001,1,6,0.00400013,3.5986,0.0281576300000001
79107,2024-03-01 07:18:46.994,79097.90000000001,1,6,0.00400012,3.5986,0.0281587400000001
79108,2024-03-01 07:18:47.994,79098.90000000001,1,6,0.00400011,3.5986,0.0281598600000001
79109,2024-03-01 07:18:48.994,79099.90000000001,1,6,0.0040000999999999,3.5987,0.0281609700000001
79110,2024-03-01 07:18:49.994,79100.90000000001,1,6,0.0040000999999999,3.5987,0.0281620800000001
79111,2024-03-01 07:18:50.994,79101.90000000001,1,6,0.00400011,3.5987,0.0281631900000001
79112,2024-03-01 07:18:51.994,79102.90000000001,1,6,0.0040000999999999,3.5987,0.0281643000000001
79113,2024-03-01 07:18:52.994,79103.90000000001,1,6,0.0040000999999999,3.5987,0.0281654100000001
79114,2024-03-01 07:18:53.994,79104.90000000001,1,6,0.00400009,3.5987,0.0281665200000001
79115,2024-03-01 07:18:54.994,79105.90000000001,1,6,0.0040000999999999,3.5988,0.0281676300000001
79116,2024-03-01 07:18:55.994,79106.90000000001,1,6,0.00400011,3.5988,0.0281687400000001
79117,2024-03-01 07:18:56.994,79107.90000000001,1,6,0.0040000999999999,3.5988,0.0281698600000001
79118,2024-03-01 07:18:57.994,79108.90000000001,1,6,0.0040000999999999,3.5988,0.0281709700000001
79119,2024-03-01 07:18:58.994,79109.90000000001,1,6,0.00400009,3.5988,0.0281720800000001
79120,2024-03-01 07:18:59.994,79110.90000000001,1,6,0.0040000999999999,3.5989,0.0281731900000001
79121,2024-03-01 07:19:00.994,79111.90000000001,1,6,0.00400011,3.5989,0.0281743000000001
79122,2024-03-01 07:19:01.994,79112.90000000001,1,6,0.0040000999999999,3.5989,0.0281754100000001
79123,2024-03-01 07:19:02.994,79113.90000000001,1,6,0.0040000999999999,3.5989,0.0281765200000001
79124,2024-03-01 07:19:03.994,79114.90000000001,1,6,0.0040000999999999,3.5989,0.0281776300000001
79125,2024-03-01 07:19:04.994,79115.90000000001,1,6,0.00400012,3.5989,0.0281787400000001
79126,2024-03-01 07:19:05.994,79116.90000000001,1,6,0.00400011,3.599,0.0281798600000001
79127,2024-03-01 07:19:06.994,79117.90000000001,1,6,0.0040000999999999,3.599,0.0281809700000001
79128,2024-03-01 07:19:07.994,79118.90000000001,1,6,0.00400008,3.599,0.0281820800000001
79129,2024-03-01 07:19:08.994,79119.90000000001,1,6,0.0040000999999999,3.599,0.0281831900000001
79130,2024-03-01 07:19:09.994,79120.90000000001,1,6,0.00400008,3.599,0.0281843000000001
79131,2024-03-01 07:19:10.994,79121.90000000001,1,6,0.00400007,3.599,0.0281854100000001
79132,2024-03-01 07:19:11.994,79122.90000000001,1,6,0.00400007,3.5991,0.0281865200000001
79133,2024-03-01 07:19:12.994,79123.90000000001,1,6,0.00400007,3.5991,0.0281876300000001
79134,2024-03-01 07:19:13.994,79124.90000000001,1,6,0.00400007,3.5991,0.0281887500000001
79135,2024-03-01 07:19:14.994,79125.90000000001,1,6,0.00400008,3.5991,0.0281898600000001
79136,2024-03-01 07:19:15.994,79126.90000000001,1,6,0.00400007,3.5991,0.0281909700000001
79137,2024-03-01 07:19:16.994,79127.90000000001,1,6,0.00400009,3.5992,0.0281920800000001
79138,2024-03-01 07:19:17.994,79128.90000000001,1,6,0.00400008,3.5992,0.0281931900000001
79139,2024-03-01 07:19:18.994,79129.90000000001,1,6,0.00400009,3.5992,0.0281943000000001
79140,2024-03-01 07:19:19.994,79130.90000000001,1,6,0.00400008,3.5992,0.0281954100000001
79141,2024-03-01 07:19:20.994,79131.90000000001,1,6,0.00400008,3.5993,0.0281965200000001
79142,2024-03-01 07:19:21.994,79132.90000000001,1,6,0.0040000999999999,3.5993,0.0281976300000001
79143,2024-03-01 07:19:22.994,79133.90000000001,1,6,0.00400009,3.5993,0.0281987500000001
79144,2024-03-01 07:19:23.994,79134.90000000001,1,6,0.00400011,3.5993,0.0281998600000001
79145,2024-03-01 07:19:24.994,79135.90000000001,1,6,0.00400012,3.5993,0.0282009700000001
79146,2024-03-01 07:19:25.994,79136.90000000001,1,6,0.00400012,3.5993,0.0282020800000001
79147,2024-03-01 07:19:26.994,79137.90000000001,1,6,0.00400011,3.5994,0.0282031900000001
79148,2024-03-01 07:19:27.994,79138.90000000001,1,6,0.00400011,3.5994,0.0282043000000001
79149,2024-03-01 07:19:28.994,79139.90000000001,1,6,0.00400011,3.5994,0.0282054100000001
79150,2024-03-01 07:19:29.994,79140.90000000001,1,6,0.00400011,3.5994,0.0282065200000001
79151,2024-03-01 07:19:30.994,79141.90000000001,1,6,0.0040000999999999,3.5994,0.0282076300000001
79152,2024-03-01 07:19:31.994,79142.90000000001,1,6,0.0040000999999999,3.5995,0.0282087500000001
79153,2024-03-01 07:19:32.994,79143.90000000001,1,6,0.00400011,3.5995,0.0282098600000001
79154,2024-03-01 07:19:33.994,79144.90000000001,1,6,0.00400011,3.5995,0.0282109700000001
79155,2024-03-01 07:19:34.994,79145.90000000001,1,6,0.00400011,3.5995,0.0282120800000001
79156,2024-03-01 07:19:35.994,79146.90000000001,1,6,0.00400011,3.5995,0.0282131900000001
79157,2024-03-01 07:19:36.994,79147.90000000001,1,6,0.00400009,3.5995,0.0282143000000001
79158,2024-03-01 07:19:37.994,79148.90000000001,1,6,0.00400011,3.5996,0.0282154100000001
79159,2024-03-01 07:19:38.994,79149.90000000001,1,6,0.0040000999999999,3.5996,0.0282165200000001
79160,2024-03-01 07:19:39.994,79150.90000000001,1,6,0.0040000999999999,3.5996,0.0282176300000001
79161,2024-03-01 07:19:40.994,79151.90000000001,1,6,0.0040000999999999,3.5996,0.0282187500000001
79162,2024-03-01 07:19:41.994,79152.90000000001,1,6,0.00400011,3.5996,0.0282198600000001
79163,2024-03-01 07:19:42.994,79153.90000000001,1,6,0.0040000999999999,3.5997,0.0282209700000001
79164,2024-03-01 07:19:43.994,79154.90000000001,1,6,0.0040000999999999,3.5997,0.0282220800000001
79165,2024-03-01 07:19:44.994,79155.90000000001,1,6,0.00400009,3.5997,0.0282231900000001
79166,2024-03-01 07:19:45.994,79156.90000000001,1,6,0.00400012,3.5997,0.0282243000000001
79167,2024-03-01 07:19:46.994,79157.90000000001,1,6,0.00400012,3.5997,0.0282254100000001
79168,2024-03-01 07:19:47.994,79158.90000000001,1,6,0.00400012,3.5998,0.0282265200000001
79169,2024-03-01 07:19:48.994,79159.90000000001,1,6,0.00400012,3.5998,0.0282276300000001
79170,2024-03-01 07:19:49.994,79160.90000000001,1,6,0.00400014,3.5998,0.0282287500000001
79171,2024-03-01 07:19:50.994,79161.90000000001,1,6,0.00400013,3.5998,0.0282298600000001
79172,2024-03-01 07:19:51.994,79162.90000000001,1,6,0.00400011,3.5998,0.0282309700000001
79173,2024-03-01 07:19:52.994,79163.90000000001,1,6,0.00400012,3.5999,0.0282320800000001
79174,2024-03-01 07:19:53.994,79164.90000000001,1,6,0.00400011,3.5999,0.0282331900000001
79175,2024-03-01 07:19:54.994,79165.90000000001,1,6,0.00400011,3.5999,0.0282343000000001
79176,2024-03-01 07:19:55.994,79166.90000000001,1,6,0.00400011,3.5999,0.0282354100000001
79177,2024-03-01 07:19:56.994,79167.90000000001,1,6,0.0040000999999999,3.5999,0.0282365200000001
79178,2024-03-01 07:19:57.994,79168.90000000001,1,6,0.0040000999999999,3.6,0.0282376400000001
79179,2024-03-01 07:19:58.994,79169.90000000001,1,6,0.00400012,3.6,0.0282387500000001
79180,2024-03-01 07:19:59.994,79170.90000000001,1,6,0.00400011,3.6,0.0282398600000001
79181,2024-03-01 07:20:00.994,79171.90000000001,1,6,0.00400011,3.6,0.0282409700000001
79182,2024-03-01 07:20:01.994,79172.90000000001,1,6,0.00400011,3.6,0.0282420800000001
79183,2024-03-01 07:20:02.994,79173.90000000001,1,6,0.00400011,3.6,0.0282431900000001
79184,2024-03-01 07:20:03.994,79174.90000000001,1,6,0.00400011,3.6001,0.0282443000000001
79185,2024-03-01 07:20:04.994,79175.90000000001,1,6,0.00400011,3.6001,0.0282454100000001
79186,2024-03-01 07:20:05.994,79176.90000000001,1,6,0.0040000999999999,3.6001,0.0282465200000001
79187,2024-03-01 07:20:06.994,79177.90000000001,1,6,0.0040000999999999,3.6001,0.0282476400000001
79188,2024-03-01 07:20:07.994,79178.90000000001,1,6,0.00400009,3.6001,0.0282487500000001
79189,2024-03-01 07:20:08.994,79179.90000000001,1,6,0.0040000999999999,3.6002,0.0282498600000001
79190,2024-03-01 07:20:09.994,79180.90000000001,1,6,0.0040000999999999,3.6002,0.0282509700000001
79191,2024-03-01 07:20:10.994,79181.90000000001,1,6,0.0040000999999999,3.6002,0.0282520800000001
79192,2024-03-01 07:20:11.994,79182.90000000001,1,6,0.00400011,3.6002,0.0282531900000001
79193,2024-03-01 07:20:12.994,79183.90000000001,1,6,0.0040000999999999,3.6002,0.0282543000000001
79194,2024-03-01 07:20:13.994,79184.90000000001,1,6,0.00400011,3.6002,0.0282554100000001
79195,2024-03-01 07:20:14.994,79185.90000000001,1,6,0.0040000999999999,3.6003,0.0282565200000001
79196,2024-03-01 07:20:15.994,79186.90000000001,1,6,0.00400012,3.6003,0.0282576400000001
79197,2024-03-01 07:20:16.994,79187.90000000001,1,6,0.00400012,3.6003,0.0282587500000001
79198,2024-03-01 07:20:17.994,79188.90000000001,1,6,0.00400012,3.6003,0.0282598600000001
79199,2024-03-01 07:20:18.994,79189.90000000001,1,6,0.00400011,3.6003,0.0282609700000001
79200,2024-03-01 07:20:19.994,79190.90000000001,1,6,0.0040000999999999,3.6004,0.0282620800000001
79201,2024-03-01 07:20:20.994,79191.90000000001,1,6,0.00400011,3.6004,0.0282631900000001
79202,2024-03-01 07:20:21.994,79192.90000000001,1,6,0.00400011,3.6004,0.0282643000000001
79203,2024-03-01 07:20:22.994,79193.90000000001,1,6,0.00400011,3.6004,0.0282654100000001
79204,2024-03-01 07:20:23.994,79194.90000000001,1,6,0.0040000999999999,3.6004,0.0282665200000001
79205,2024-03-01 07:20:24.994,79195.90000000001,1,6,0.00400013,3.6005,0.0282676400000001
79206,2024-03-01 07:20:25.994,79196.90000000001,1,6,0.00400011,3.6005,0.0282687500000001
79207,2024-03-01 07:20:26.994,79197.90000000001,1,6,0.00400012,3.6005,0.0282698600000001
79208,2024-03-01 07:20:27.994,79198.90000000001,1,6,0.00400013,3.6005,0.0282709700000001
79209,2024-03-01 07:20:28.994,79199.90000000001,1,6,0.00400012,3.6005,0.0282720800000001
79210,2024-03-01 07:20:29.994,79200.90000000001,1,6,0.00400013,3.6006,0.0282731900000001
79211,2024-03-01 07:20:30.994,79201.90000000001,1,6,0.00400013,3.6006,0.0282743000000001
79212,2024-03-01 07:20:31.994,79202.90000000001,1,6,0.00400011,3.6006,0.0282754100000001
79213,2024-03-01 07:20:32.994,79203.90000000001,1,6,0.00400012,3.6006,0.0282765300000001
79214,2024-03-01 07:20:33.994,79204.90000000001,1,6,0.00400011,3.6007,0.0282776400000001
79215,2024-03-01 07:20:34.994,79205.90000000001,1,6,0.00400011,3.6006,0.0282787500000001
79216,2024-03-01 07:20:35.994,79206.90000000001,1,6,0.00400011,3.6007,0.0282798600000001
79217,2024-03-01 07:20:36.994,79207.90000000001,1,6,0.00400012,3.6007,0.0282809700000001
79218,2024-03-01 07:20:37.994,79208.90000000001,1,6,0.00400012,3.6007,0.0282820800000001
79219,2024-03-01 07:20:38.994,79209.90000000001,1,6,0.00400011,3.6007,0.0282831900000001
79220,2024-03-01 07:20:39.994,79210.90000000001,1,6,0.00400013,3.6007,0.0282843000000001
79221,2024-03-01 07:20:40.994,79211.90000000001,1,6,0.00400013,3.6008,0.0282854100000001
79222,2024-03-01 07:20:41.994,79212.90000000001,1,6,0.00400013,3.6008,0.0282865300000001
79223,2024-03-01 07:20:42.994,79213.90000000001,1,6,0.00400014,3.6008,0.0282876400000001
79224,2024-03-01 07:20:43.994,79214.90000000001,1,6,0.00400013,3.6008,0.0282887500000001
79225,2024-03-01 07:20:44.994,79215.90000000001,1,6,0.00400012,3.6008,0.0282898600000001
79226,2024-03-01 07:20:45.994,79216.90000000001,1,6,0.00400012,3.6008,0.0282909700000001
79227,2024-03-01 07:20:46.994,79217.90000000001,1,6,0.00400013,3.6009,0.0282920800000001
79228,2024-03-01 07:20:47.994,79218.90000000001,1,6,0.00400013,3.6009,0.0282931900000001
79229,2024-03-01 07:20:48.994,79219.90000000001,1,6,0.00400014,3.6009,0.0282943000000001
79230,2024-03-01 07:20:49.994,79220.90000000001,1,6,0.00400013,3.6009,0.0282954100000001
79231,2024-03-01 07:20:50.994,79221.90000000001,1,6,0.00400015,3.601,0.0282965300000001
79232,2024-03-01 07:20:51.994,79222.90000000001,1,6,0.00400013,3.601,0.0282976400000001
79233,2024-03-01 07:20:52.994,79223.90000000001,1,6,0.00400011,3.601,0.0282987500000001
79234,2024-03-01 07:20:53.994,79224.90000000001,1,6,0.00400012,3.601,0.0282998600000001
79235,2024-03-01 07:20:54.994,79225.90000000001,1,6,0.00400011,3.601,0.0283009700000001
79236,2024-03-01 07:20:55.994,79226.90000000001,1,6,0.00400012,3.6011,0.0283020800000001
79237,2024-03-01 07:20:56.994,79227.90000000001,1,6,0.00400012,3.6011,0.0283031900000001
79238,2024-03-01 07:20:57.994,79228.90000000001,1,6,0.00400012,3.6011,0.0283043000000001
79239,2024-03-01 07:20:58.994,79229.90000000001,1,6,0.00400012,3.6011,0.0283054200000001
79240,2024-03-01 07:20:59.994,79230.90000000001,1,6,0.00400012,3.6011,0.0283065300000001
79241,2024-03-01 07:21:00.994,79231.90000000001,1,6,0.0040000999999999,3.6011,0.0283076400000001
79242,2024-03-01 07:21:01.994,79232.90000000001,1,6,0.00400011,3.6012,0.0283087500000001
79243,2024-03-01 07:21:02.994,79233.90000000001,1,6,0.00400011,3.6012,0.0283098600000001
79244,2024-03-01 07:21:03.994,79234.90000000001,1,6,0.00400011,3.6012,0.0283109700000001
79245,2024-03-01 07:21:04.994,79235.90000000001,1,6,0.0040000999999999,3.6012,0.0283120800000001
79246,2024-03-01 07:21:05.994,79236.90000000001,1,6,0.0040000999999999,3.6012,0.0283131900000001
79247,2024-03-01 07:21:06.994,79237.90000000001,1,6,0.00400012,3.6012,0.0283143000000001
79248,2024-03-01 07:21:07.994,79238.90000000001,1,6,0.00400011,3.6012,0.0283154200000001
79249,2024-03-01 07:21:08.994,79239.90000000001,1,6,0.00400011,3.6013,0.0283165300000001
79250,2024-03-01 07:21:09.994,79240.90000000001,1,6,0.00400011,3.6013,0.0283176400000001
79251,2024-03-01 07:21:10.994,79241.90000000001,1,6,0.00400012,3.6013,0.0283187500000001
79252,2024-03-01 07:21:11.994,79242.90000000001,1,6,0.00400012,3.6014,0.0283198600000001
79253,2024-03-01 07:21:12.994,79243.90000000001,1,6,0.00400013,3.6014,0.0283209700000001
79254,2024-03-01 07:21:13.994,79244.90000000001,1,6,0.00400011,3.6014,0.0283220800000001
79255,2024-03-01 07:21:14.994,79245.90000000001,1,6,0.00400011,3.6014,0.0283231900000001
79256,2024-03-01 07:21:15.994,79246.90000000001,1,6,0.00400011,3.6014,0.0283243000000001
79257,2024-03-01 07:21:16.994,79247.90000000001,1,6,0.00400011,3.6015,0.0283254200000001
79258,2024-03-01 07:21:17.994,79248.90000000001,1,6,0.00400011,3.6015,0.0283265300000001
79259,2024-03-01 07:21:18.994,79249.90000000001,1,6,0.00400012,3.6015,0.0283276400000001
79260,2024-03-01 07:21:19.994,79250.90000000001,1,6,0.00400013,3.6015,0.0283287500000001
79261,2024-03-01 07:21:20.994,79251.90000000001,1,6,0.00400013,3.6015,0.0283298600000001
79262,2024-03-01 07:21:21.994,79252.90000000001,1,6,0.00400011,3.6016,0.0283309700000001
79263,2024-03-01 07:21:22.994,79253.90000000001,1,6,0.00400012,3.6016,0.0283320800000001
79264,2024-03-01 07:21:23.994,79254.90000000001,1,6,0.00400011,3.6016,0.0283331900000001
79265,2024-03-01 07:21:24.994,79255.90000000001,1,6,0.0040000999999999,3.6016,0.0283343000000001
79266,2024-03-01 07:21:25.994,79256.90000000001,1,6,0.00400012,3.6016,0.0283354200000001
79267,2024-03-01 07:21:26.994,79257.90000000001,1,6,0.00400013,3.6017,0.0283365300000001
79268,2024-03-01 07:21:27.994,79258.90000000001,1,6,0.00400011,3.6016,0.0283376400000001
79269,2024-03-01 07:21:28.994,79259.90000000001,1,6,0.00400012,3.6017,0.0283387500000001
79270,2024-03-01 07:21:29.994,79260.90000000001,1,6,0.00400011,3.6017,0.0283398600000001
79271,2024-03-01 07:21:30.994,79261.90000000001,1,6,0.00400011,3.6017,0.0283409700000001
79272,2024-03-01 07:21:31.994,79262.90000000001,1,6,0.0040000999999999,3.6017,0.0283420800000001
79273,2024-03-01 07:21:32.994,79263.90000000001,1,6,0.0040000999999999,3.6017,0.0283431900000001
79274,2024-03-01 07:21:33.994,79264.90000000001,1,6,0.00400009,3.6017,0.0283443100000001
79275,2024-03-01 07:21:34.994,79265.90000000001,1,6,0.00400008,3.6018,0.0283454200000001
79276,2024-03-01 07:21:35.994,79266.90000000001,1,6,0.00400008,3.6018,0.0283465300000001
79277,2024-03-01 07:21:36.994,79267.90000000001,1,6,0.0040000999999999,3.6018,0.0283476400000001
79278,2024-03-01 07:21:37.994,79268.90000000001,1,6,0.00400012,3.6019,0.0283487500000001
79279,2024-03-01 07:21:38.994,79269.90000000001,1,6,0.0040000999999999,3.6019,0.0283498600000001
79280,2024-03-01 07:21:39.994,79270.90000000001,1,6,0.0040000999999999,3.6019,0.0283509700000001
79281,2024-03-01 07:21:40.994,79271.90000000001,1,6,0.0040000999999999,3.6019,0.0283520800000001
79282,2024-03-01 07:21:41.994,79272.90000000001,1,6,0.00400009,3.6019,0.0283531900000001
79283,2024-03-01 07:21:42.994,79273.90000000001,1,6,0.00400009,3.602,0.0283543100000001
79284,2024-03-01 07:21:43.994,79274.90000000001,1,6,0.0040000999999999,3.6019,0.0283554200000001
79285,2024-03-01 07:21:44.994,79275.90000000001,1,6,0.0040000999999999,3.602,0.0283565300000001
79286,2024-03-01 07:21:45.994,79276.90000000001,1,6,0.00400011,3.602,0.0283576400000001
79287,2024-03-01 07:21:46.994,79277.90000000001,1,6,0.00400011,3.602,0.0283587500000001
79288,2024-03-01 07:21:47.994,79278.90000000001,1,6,0.00400011,3.6021,0.0283598600000001
79289,2024-03-01 07:21:48.994,79279.90000000001,1,6,0.00400011,3.6021,0.0283609700000001
79290,2024-03-01 07:21:49.994,79280.90000000001,1,6,0.0040000999999999,3.6021,0.0283620800000001
79291,2024-03-01 07:21:50.994,79281.90000000001,1,6,0.0040000999999999,3.6021,0.0283631900000001
79292,2024-03-01 07:21:51.994,79282.90000000001,1,6,0.0040000999999999,3.6021,0.0283643100000001
79293,2024-03-01 07:21:52.994,79283.90000000001,1,6,0.00400011,3.6021,0.0283654200000001
79294,2024-03-01 07:21:53.994,79284.90000000001,1,6,0.0040000999999999,3.6021,0.0283665300000001
79295,2024-03-01 07:21:54.994,79285.90000000001,1,6,0.00400009,3.6021,0.0283676400000001
79296,2024-03-01 07:21:55.994,79286.90000000001,1,6,0.00400011,3.6022,0.0283687500000001
79297,2024-03-01 07:21:56.994,79287.90000000001,1,6,0.00400009,3.6022,0.0283698600000001
79298,2024-03-01 07:21:57.994,79288.90000000001,1,6,0.00400009,3.6022,0.0283709700000001
79299,2024-03-01 07:21:58.994,79289.90000000001,1,6,0.00400009,3.6022,0.0283720800000001
79300,2024-03-01 07:21:59.994,79290.90000000001,1,6,0.00400009,3.6022,0.0283731900000001
79301,2024-03-01 07:22:00.994,79291.90000000001,1,6,0.00400008,3.6023,0.0283743100000001
79302,2024-03-01 07:22:01.994,79292.90000000001,1,6,0.00400008,3.6023,0.0283754200000001
79303,2024-03-01 07:22:02.994,79293.90000000001,1,6,0.00400007,3.6023,0.0283765300000001
79304,2024-03-01 07:22:03.994,79294.90000000001,1,6,0.00400009,3.6023,0.0283776400000001
79305,2024-03-01 07:22:04.994,79295.90000000001,1,6,0.00400009,3.6023,0.0283787500000001
79306,2024-03-01 07:22:05.994,79296.90000000001,1,6,0.00400007,3.6023,0.0283798600000001
79307,2024-03-01 07:22:06.994,79297.90000000001,1,6,0.00400009,3.6024,0.0283809700000001
79308,2024-03-01 07:22:07.994,79298.90000000001,1,6,0.0040000999999999,3.6024,0.0283820800000001
79309,2024-03-01 07:22:08.994,79299.90000000001,1,6,0.0040000999999999,3.6024,0.0283831900000001
79310,2024-03-01 07:22:09.994,79300.90000000001,1,6,0.00400008,3.6024,0.0283843100000001
79311,2024-03-01 07:22:10.994,79301.90000000001,1,6,0.00400008,3.6025,0.0283854200000001
79312,2024-03-01 07:22:11.994,79302.90000000001,1,6,0.00400007,3.6025,0.0283865300000001
79313,2024-03-01 07:22:12.994,79303.90000000001,1,6,0.00400009,3.6025,0.0283876400000001
79314,2024-03-01 07:22:13.994,79304.90000000001,1,6,0.00400007,3.6025,0.0283887500000001
79315,2024-03-01 07:22:14.994,79305.90000000001,1,6,0.00400007,3.6025,0.0283898600000001
79316,2024-03-01 07:22:15.994,79306.90000000001,1,6,0.00400009,3.6026,0.0283909700000001
79317,2024-03-01 07:22:16.994,79307.90000000001,1,6,0.0040000999999999,3.6026,0.0283920800000001
79318,2024-03-01 07:22:17.994,79308.90000000001,1,6,0.0040000999999999,3.6026,0.0283932000000001
79319,2024-03-01 07:22:18.994,79309.90000000001,1,6,0.00400008,3.6026,0.0283943100000001
79320,2024-03-01 07:22:19.994,79310.90000000001,1,6,0.00400011,3.6027,0.0283954200000001
79321,2024-03-01 07:22:20.994,79311.90000000001,1,6,0.00400011,3.6027,0.0283965300000001
79322,2024-03-01 07:22:21.994,79312.90000000001,1,6,0.0040000999999999,3.6027,0.0283976400000001
79323,2024-03-01 07:22:22.994,79313.90000000001,1,6,0.0040000999999999,3.6027,0.0283987500000001
79324,2024-03-01 07:22:23.994,79314.90000000001,1,6,0.00400011,3.6027,0.0283998600000001
79325,2024-03-01 07:22:24.994,79315.90000000001,1,6,0.0040000999999999,3.6027,0.0284009700000001
79326,2024-03-01 07:22:25.994,79316.90000000001,1,6,0.00400011,3.6028,0.0284020800000001
79327,2024-03-01 07:22:26.994,79317.90000000001,1,6,0.00400011,3.6028,0.0284032000000001
79328,2024-03-01 07:22:27.994,79318.90000000001,1,6,0.00400009,3.6028,0.0284043100000001
79329,2024-03-01 07:22:28.994,79319.90000000001,1,6,0.00400009,3.6028,0.0284054200000001
79330,2024-03-01 07:22:29.994,79320.90000000001,1,6,0.0040000999999999,3.6028,0.0284065300000001
79331,2024-03-01 07:22:30.994,79321.90000000001,1,6,0.00400009,3.6028,0.0284076400000001
79332,2024-03-01 07:22:31.994,79322.90000000001,1,6,0.00400012,3.6029,0.0284087500000001
79333,2024-03-01 07:22:32.994,79323.90000000001,1,6,0.00400012,3.6029,0.0284098600000001
79334,2024-03-01 07:22:33.994,79324.90000000001,1,6,0.0040000999999999,3.6029,0.0284109700000001
79335,2024-03-01 07:22:34.994,79325.90000000001,1,6,0.00400009,3.6029,0.0284120800000001
79336,2024-03-01 07:22:35.994,79326.90000000001,1,6,0.0040000999999999,3.6029,0.0284132000000001
79337,2024-03-01 07:22:36.994,79327.90000000001,1,6,0.0040000999999999,3.6029,0.0284143100000001
79338,2024-03-01 07:22:37.994,79328.90000000001,1,6,0.00400009,3.603,0.0284154200000001
79339,2024-03-01 07:22:38.994,79329.90000000001,1,6,0.0040000999999999,3.603,0.0284165300000001
79340,2024-03-01 07:22:39.994,79330.90000000001,1,6,0.00400012,3.603,0.0284176400000001
79341,2024-03-01 07:22:40.994,79331.90000000001,1,6,0.0040000999999999,3.603,0.0284187500000001
79342,2024-03-01 07:22:41.994,79332.90000000001,1,6,0.0040000999999999,3.603,0.0284198600000001
79343,2024-03-01 07:22:42.994,79333.90000000001,1,6,0.0040000999999999,3.6031,0.0284209700000001
79344,2024-03-01 07:22:43.994,79334.90000000001,1,6,0.00400009,3.6031,0.0284220800000001
79345,2024-03-01 07:22:44.994,79335.90000000001,1,6,0.00400008,3.6031,0.0284232000000001
79346,2024-03-01 07:22:45.994,79336.90000000001,1,6,0.00400009,3.6032,0.0284243100000001
79347,2024-03-01 07:22:46.994,79337.90000000001,1,6,0.00400009,3.6031,0.0284254200000001
79348,2024-03-01 07:22:47.994,79338.90000000001,1,6,0.0040000999999999,3.6032,0.0284265300000001
79349,2024-03-01 07:22:48.994,79339.90000000001,1,6,0.0040000999999999,3.6032,0.0284276400000001
79350,2024-03-01 07:22:49.994,79340.90000000001,1,6,0.00400012,3.6032,0.0284287500000001
79351,2024-03-01 07:22:50.994,79341.90000000001,1,6,0.00400011,3.6032,0.0284298600000001
79352,2024-03-01 07:22:51.994,79342.90000000001,1,6,0.0040000999999999,3.6032,0.0284309700000001
79353,2024-03-01 07:22:52.994,79343.90000000001,1,6,0.0040000999999999,3.6032,0.0284320800000001
79354,2024-03-01 07:22:53.994,79344.90000000001,1,6,0.0040000999999999,3.6033,0.0284332000000001
79355,2024-03-01 07:22:54.994,79345.90000000001,1,6,0.0040000999999999,3.6033,0.0284343100000001
79356,2024-03-01 07:22:55.994,79346.90000000001,1,6,0.0040000999999999,3.6033,0.0284354200000001
79357,2024-03-01 07:22:56.994,79347.90000000001,1,6,0.0040000999999999,3.6033,0.0284365300000001
79358,2024-03-01 07:22:57.994,79348.90000000001,1,6,0.0040000999999999,3.6033,0.0284376400000001
79359,2024-03-01 07:22:58.994,79349.90000000001,1,6,0.00400011,3.6034,0.0284387500000001
79360,2024-03-01 07:22:59.994,79350.90000000001,1,6,0.0040000999999999,3.6034,0.0284398600000001
79361,2024-03-01 07:23:00.994,79351.90000000001,1,6,0.00400011,3.6034,0.0284409700000001
79362,2024-03-01 07:23:01.994,79352.90000000001,1,6,0.00400009,3.6034,0.0284420900000001
79363,2024-03-01 07:23:02.994,79353.90000000001,1,6,0.00400011,3.6034,0.0284432000000001
79364,2024-03-01 07:23:03.994,79354.90000000001,1,6,0.00400009,3.6034,0.0284443100000001
79365,2024-03-01 07:23:04.994,79355.90000000001,1,6,0.00400009,3.6035,0.0284454200000001
79366,2024-03-01 07:23:05.994,79356.90000000001,1,6,0.00400009,3.6035,0.0284465300000001
79367,2024-03-01 07:23:06.994,79357.90000000001,1,6,0.0040000999999999,3.6035,0.0284476400000001
79368,2024-03-01 07:23:07.994,79358.90000000001,1,6,0.00400011,3.6036,0.0284487500000001
79369,2024-03-01 07:23:08.994,79359.90000000001,1,6,0.00400011,3.6036,0.0284498600000001
79370,2024-03-01 07:23:09.994,79360.90000000001,1,6,0.0040000999999999,3.6036,0.0284509700000001
79371,2024-03-01 07:23:10.994,79361.90000000001,1,6,0.0040000999999999,3.6036,0.0284520900000001
79372,2024-03-01 07:23:11.994,79362.90000000001,1,6,0.00400008,3.6036,0.0284532000000001
79373,2024-03-01 07:23:12.994,79363.90000000001,1,6,0.00400009,3.6036,0.0284543100000001
79374,2024-03-01 07:23:13.994,79364.90000000001,1,6,0.00400009,3.6036,0.0284554200000001
79375,2024-03-01 07:23:14.994,79365.90000000001,1,6,0.0040000999999999,3.6037,0.0284565300000001
79376,2024-03-01 07:23:15.994,79366.90000000001,1,6,0.00400011,3.6037,0.0284576400000001
79377,2024-03-01 07:23:16.994,79367.90000000001,1,6,0.00400012,3.6037,0.0284587500000001
79378,2024-03-01 07:23:17.994,79368.90000000001,1,6,0.00400012,3.6037,0.0284598600000001
79379,2024-03-01 07:23:18.994,79369.90000000001,1,6,0.00400011,3.6038,0.0284609700000001
79380,2024-03-01 07:23:19.994,79370.90000000001,1,6,0.00400012,3.6038,0.0284620900000001
79381,2024-03-01 07:23:20.994,79371.90000000001,1,6,0.00400012,3.6038,0.0284632000000001
79382,2024-03-01 07:23:21.994,79372.90000000001,1,6,0.00400011,3.6038,0.0284643100000001
79383,2024-03-01 07:23:22.994,79373.90000000001,1,6,0.00400012,3.6038,0.0284654200000001
79384,2024-03-01 07:23:23.994,79374.90000000001,1,6,0.0040000999999999,3.6038,0.0284665300000001
79385,2024-03-01 07:23:24.994,79375.90000000001,1,6,0.0040000999999999,3.6039,0.0284676400000001
79386,2024-03-01 07:23:25.994,79376.90000000001,1,6,0.00400012,3.6039,0.0284687500000001
79387,2024-03-01 07:23:26.994,79377.90000000001,1,6,0.00400011,3.6039,0.0284698600000001
79388,2024-03-01 07:23:27.994,79378.90000000001,1,6,0.00400011,3.6039,0.0284709700000001
79389,2024-03-01 07:23:28.994,79379.90000000001,1,6,0.00400011,3.6039,0.0284720900000001
79390,2024-03-01 07:23:29.994,79380.90000000001,1,6,0.00400012,3.604,0.0284732000000001
79391,2024-03-01 07:23:30.994,79381.90000000001,1,6,0.00400009,3.604,0.0284743100000001
79392,2024-03-01 07:23:31.994,79382.90000000001,1,6,0.0040000999999999,3.604,0.0284754200000001
79393,2024-03-01 07:23:32.994,79383.90000000001,1,6,0.00400011,3.6041,0.0284765300000001
79394,2024-03-01 07:23:33.994,79384.90000000001,1,6,0.00400011,3.604,0.0284776400000001
79395,2024-03-01 07:23:34.994,79385.90000000001,1,6,0.00400009,3.6041,0.0284787500000001
79396,2024-03-01 07:23:35.994,79386.90000000001,1,6,0.0040000999999999,3.6041,0.0284798600000001
79397,2024-03-01 07:23:36.994,79387.90000000001,1,6,0.00400008,3.6041,0.0284809700000001
79398,2024-03-01 07:23:37.994,79388.90000000001,1,6,0.00400009,3.6041,0.0284820900000001
79399,2024-03-01 07:23:38.994,79389.90000000001,1,6,0.00400009,3.6041,0.0284832000000001
79400,2024-03-01 07:23:39.994,79390.90000000001,1,6,0.00400007,3.6041,0.0284843100000001
79401,2024-03-01 07:23:40.994,79391.90000000001,1,6,0.00400009,3.6042,0.0284854200000001
79402,2024-03-01 07:23:41.994,79392.90000000001,1,6,0.00400009,3.6042,0.0284865300000001
79403,2024-03-01 07:23:42.994,79393.90000000001,1,6,0.00400009,3.6042,0.0284876400000001
79404,2024-03-01 07:23:43.994,79394.90000000001,1,6,0.0040000999999999,3.6043,0.0284887500000001
79405,2024-03-01 07:23:44.994,79395.90000000001,1,6,0.00400009,3.6043,0.0284898600000001
79406,2024-03-01 07:23:45.994,79396.90000000001,1,6,0.0040000999999999,3.6043,0.0284909800000001
79407,2024-03-01 07:23:46.994,79397.90000000001,1,6,0.00400009,3.6043,0.0284920900000001
79408,2024-03-01 07:23:47.994,79398.90000000001,1,6,0.00400009,3.6043,0.0284932000000001
79409,2024-03-01 07:23:48.994,79399.90000000001,1,6,0.00400009,3.6043,0.0284943100000001
79410,2024-03-01 07:23:49.994,79400.90000000001,1,6,0.00400007,3.6043,0.0284954200000001
79411,2024-03-01 07:23:50.994,79401.90000000001,1,6,0.00400007,3.6044,0.0284965300000001
79412,2024-03-01 07:23:51.994,79402.90000000001,1,6,0.00400009,3.6044,0.0284976400000001
79413,2024-03-01 07:23:52.994,79403.90000000001,1,6,0.0040000999999999,3.6044,0.0284987500000001
79414,2024-03-01 07:23:53.994,79404.90000000001,1,6,0.00400008,3.6044,0.0284998600000001
79415,2024-03-01 07:23:54.994,79405.90000000001,1,6,0.0040000999999999,3.6044,0.0285009800000001
79416,2024-03-01 07:23:55.994,79406.90000000001,1,6,0.00400011,3.6045,0.0285020900000001
79417,2024-03-01 07:23:56.994,79407.90000000001,1,6,0.0040000999999999,3.6045,0.0285032000000001
79418,2024-03-01 07:23:57.994,79408.90000000001,1,6,0.0040000999999999,3.6045,0.0285043100000001
79419,2024-03-01 07:23:58.994,79409.90000000001,1,6,0.00400011,3.6045,0.0285054200000001
79420,2024-03-01 07:23:59.994,79410.90000000001,1,6,0.00400013,3.6046,0.0285065300000001
79421,2024-03-01 07:24:00.994,79411.90000000001,1,6,0.00400013,3.6046,0.0285076400000001
79422,2024-03-01 07:24:01.994,79412.90000000001,1,6,0.00400013,3.6046,0.0285087500000001
79423,2024-03-01 07:24:02.994,79413.90000000001,1,6,0.00400012,3.6046,0.0285098600000001
79424,2024-03-01 07:24:03.994,79414.90000000001,1,6,0.0040000999999999,3.6046,0.0285109800000001
79425,2024-03-01 07:24:04.994,79415.90000000001,1,6,0.00400011,3.6046,0.0285120900000001
79426,2024-03-01 07:24:05.994,79416.90000000001,1,6,0.00400012,3.6046,0.0285132000000001
79427,2024-03-01 07:24:06.994,79417.90000000001,1,6,0.0040000999999999,3.6046,0.0285143100000001
79428,2024-03-01 07:24:07.994,79418.90000000001,1,6,0.0040000999999999,3.6047,0.0285154200000001
79429,2024-03-01 07:24:08.994,79419.90000000001,1,6,0.0040000999999999,3.6047,0.0285165300000001
79430,2024-03-01 07:24:09.994,79420.90000000001,1,6,0.00400013,3.6047,0.0285176400000001
79431,2024-03-01 07:24:10.994,79421.90000000001,1,6,0.0040000999999999,3.6047,0.0285187500000001
79432,2024-03-01 07:24:11.994,79422.90000000001,1,6,0.0040000999999999,3.6047,0.0285198600000001
79433,2024-03-01 07:24:12.994,79423.90000000001,1,6,0.0040000999999999,3.6048,0.0285209800000001
79434,2024-03-01 07:24:13.994,79424.90000000001,1,6,0.0040000999999999,3.6048,0.0285220900000001
79435,2024-03-01 07:24:14.994,79425.90000000001,1,6,0.0040000999999999,3.6048,0.0285232000000001
79436,2024-03-01 07:24:15.994,79426.90000000001,1,6,0.0040000999999999,3.6048,0.0285243100000001
79437,2024-03-01 07:24:16.994,79427.90000000001,1,6,0.00400012,3.6048,0.0285254200000001
79438,2024-03-01 07:24:17.994,79428.90000000001,1,6,0.00400013,3.6049,0.0285265300000001
79439,2024-03-01 07:24:18.994,79429.90000000001,1,6,0.00400012,3.6049,0.0285276400000001
79440,2024-03-01 07:24:19.994,79430.90000000001,1,6,0.00400013,3.6049,0.0285287500000001
79441,2024-03-01 07:24:20.994,79431.90000000001,1,6,0.00400011,3.6049,0.0285298700000001
79442,2024-03-01 07:24:21.994,79432.90000000001,1,6,0.0040000999999999,3.6049,0.0285309800000001
79443,2024-03-01 07:24:22.994,79433.90000000001,1,6,0.00400011,3.6049,0.0285320900000001
79444,2024-03-01 07:24:23.994,79434.90000000001,1,6,0.00400012,3.605,0.0285332000000001
79445,2024-03-01 07:24:24.994,79435.90000000001,1,6,0.00400012,3.605,0.0285343100000001
79446,2024-03-01 07:24:25.994,79436.90000000001,1,6,0.0040000999999999,3.605,0.0285354200000001
79447,2024-03-01 07:24:26.994,79437.90000000001,1,6,0.00400011,3.605,0.0285365300000001
79448,2024-03-01 07:24:27.994,79438.90000000001,1,6,0.0040000999999999,3.6051,0.0285376400000001
79449,2024-03-01 07:24:28.994,79439.90000000001,1,6,0.00400011,3.605,0.0285387500000001
79450,2024-03-01 07:24:29.994,79440.90000000001,1,6,0.00400011,3.6051,0.0285398700000001
79451,2024-03-01 07:24:30.994,79441.90000000001,1,6,0.00400011,3.6051,0.0285409800000001
79452,2024-03-01 07:24:31.994,79442.90000000001,1,6,0.0040000999999999,3.6051,0.0285420900000001
79453,2024-03-01 07:24:32.994,79443.90000000001,1,6,0.0040000999999999,3.6051,0.0285432000000001
79454,2024-03-01 07:24:33.994,79444.90000000001,1,6,0.00400013,3.6051,0.0285443100000001
79455,2024-03-01 07:24:34.994,79445.90000000001,1,6,0.00400012,3.6052,0.0285454200000001
79456,2024-03-01 07:24:35.994,79446.90000000001,1,6,0.00400011,3.6052,0.0285465300000001
79457,2024-03-01 07:24:36.994,79447.90000000001,1,6,0.00400012,3.6052,0.0285476400000001
79458,2024-03-01 07:24:37.994,79448.90000000001,1,6,0.00400012,3.6052,0.0285487500000001
79459,2024-03-01 07:24:38.994,79449.90000000001,1,6,0.00400012,3.6053,0.0285498700000001
79460,2024-03-01 07:24:39.994,79450.90000000001,1,6,0.00400011,3.6053,0.0285509800000001
79461,2024-03-01 07:24:40.994,79451.90000000001,1,6,0.00400013,3.6053,0.0285520900000001
79462,2024-03-01 07:24:41.994,79452.90000000001,1,6,0.00400012,3.6053,0.0285532000000001
79463,2024-03-01 07:24:42.994,79453.90000000001,1,6,0.0040000999999999,3.6053,0.0285543100000001
79464,2024-03-01 07:24:43.994,79454.90000000001,1,6,0.0040000999999999,3.6053,0.0285554200000001
79465,2024-03-01 07:24:44.994,79455.90000000001,1,6,0.00400011,3.6054,0.0285565300000001
79466,2024-03-01 07:24:45.994,79456.90000000001,1,6,0.00400011,3.6054,0.0285576400000001
79467,2024-03-01 07:24:46.994,79457.90000000001,1,6,0.00400012,3.6054,0.0285587600000001
79468,2024-03-01 07:24:47.994,79458.90000000001,1,6,0.0040000999999999,3.6054,0.0285598700000001
79469,2024-03-01 07:24:48.994,79459.90000000001,1,6,0.0040000999999999,3.6055,0.0285609800000001
79470,2024-03-01 07:24:49.994,79460.90000000001,1,6,0.00400008,3.6055,0.0285620900000001
79471,2024-03-01 07:24:50.994,79461.90000000001,1,6,0.0040000999999999,3.6055,0.0285632000000001
79472,2024-03-01 07:24:51.994,79462.90000000001,1,6,0.0040000999999999,3.6055,0.0285643100000001
79473,2024-03-01 07:24:52.994,79463.90000000001,1,6,0.0040000999999999,3.6055,0.0285654200000001
79474,2024-03-01 07:24:53.994,79464.90000000001,1,6,0.00400009,3.6055,0.0285665300000001
79475,2024-03-01 07:24:54.994,79465.90000000001,1,6,0.00400008,3.6056,0.0285676400000001
79476,2024-03-01 07:24:55.994,79466.90000000001,1,6,0.00400009,3.6056,0.0285687600000001
79477,2024-03-01 07:24:56.994,79467.90000000001,1,6,0.0040000999999999,3.6056,0.0285698700000001
79478,2024-03-01 07:24:57.994,79468.90000000001,1,6,0.0040000999999999,3.6056,0.0285709800000001
79479,2024-03-01 07:24:58.994,79469.90000000001,1,6,0.0040000999999999,3.6056,0.0285720900000001
79480,2024-03-01 07:24:59.994,79470.90000000001,1,6,0.00400009,3.6056,0.0285732000000001
79481,2024-03-01 07:25:00.994,79471.90000000001,1,6,0.00400012,3.6057,0.0285743100000001
79482,2024-03-01 07:25:01.994,79472.90000000001,1,6,0.0040000999999999,3.6057,0.0285754200000001
79483,2024-03-01 07:25:02.994,79473.90000000001,1,6,0.00400009,3.6057,0.0285765300000001
79484,2024-03-01 07:25:03.994,79474.90000000001,1,6,0.0040000999999999,3.6057,0.0285776400000001
79485,2024-03-01 07:25:04.994,79475.90000000001,1,6,0.00400011,3.6058,0.0285787600000001
79486,2024-03-01 07:25:05.994,79476.90000000001,1,6,0.00400011,3.6058,0.0285798700000001
79487,2024-03-01 07:25:06.994,79477.90000000001,1,6,0.00400011,3.6058,0.0285809800000001
79488,2024-03-01 07:25:07.994,79478.90000000001,1,6,0.00400012,3.6058,0.0285820900000001
79489,2024-03-01 07:25:08.994,79479.90000000001,1,6,0.00400012,3.6058,0.0285832000000001
79490,2024-03-01 07:25:09.994,79480.90000000001,1,6,0.00400014,3.6059,0.0285843100000001
79491,2024-03-01 07:25:10.994,79481.90000000001,1,6,0.00400011,3.6059,0.0285854200000001
79492,2024-03-01 07:25:11.994,79482.90000000001,1,6,0.00400013,3.6059,0.0285865300000001
79493,2024-03-01 07:25:12.994,79483.90000000001,1,6,0.00400011,3.6059,0.0285876400000001
79494,2024-03-01 07:25:13.994,79484.90000000001,1,6,0.0040000999999999,3.6059,0.0285887600000001
79495,2024-03-01 07:25:14.994,79485.90000000001,1,6,0.00400012,3.6059,0.0285898700000001
79496,2024-03-01 07:25:15.994,79486.90000000001,1,6,0.00400009,3.606,0.0285909800000001
79497,2024-03-01 07:25:16.994,79487.90000000001,1,6,0.0040000999999999,3.606,0.0285920900000001
79498,2024-03-01 07:25:17.994,79488.90000000001,1,6,0.0040000999999999,3.606,0.0285932000000001
79499,2024-03-01 07:25:18.994,79489.90000000001,1,6,0.00400011,3.606,0.0285943100000001
79500,2024-03-01 07:25:19.994,79490.90000000001,1,6,0.0040000999999999,3.6061,0.0285954200000001
79501,2024-03-01 07:25:20.994,79491.90000000001,1,6,0.0040000999999999,3.6061,0.0285965300000001
79502,2024-03-01 07:25:21.994,79492.90000000001,1,6,0.00400011,3.6061,0.0285976400000001
79503,2024-03-01 07:25:22.994,79493.90000000001,1,6,0.00400011,3.6061,0.0285987600000001
79504,2024-03-01 07:25:23.994,79494.90000000001,1,6,0.0040000999999999,3.6061,0.0285998700000001
79505,2024-03-01 07:25:24.994,79495.90000000001,1,6,0.00400012,3.6062,0.0286009800000001
79506,2024-03-01 07:25:25.994,79496.90000000001,1,6,0.00400012,3.6062,0.0286020900000001
79507,2024-03-01 07:25:26.994,79497.90000000001,1,6,0.00400013,3.6062,0.0286032000000001
79508,2024-03-01 07:25:27.994,79498.90000000001,1,6,0.00400013,3.6062,0.0286043100000001
79509,2024-03-01 07:25:28.994,79499.90000000001,1,6,0.00400013,3.6062,0.0286054200000001
79510,2024-03-01 07:25:29.994,79500.90000000001,1,6,0.00400011,3.6062,0.0286065300000001
79511,2024-03-01 07:25:30.994,79501.90000000001,1,6,0.00400012,3.6063,0.0286076500000001
79512,2024-03-01 07:25:31.994,79502.90000000001,1,6,0.00400011,3.6062,0.0286087600000001
79513,2024-03-01 07:25:32.994,79503.90000000001,1,6,0.0040000999999999,3.6063,0.0286098700000001
79514,2024-03-01 07:25:33.994,79504.90000000001,1,6,0.00400008,3.6063,0.0286109800000001
79515,2024-03-01 07:25:34.994,79505.90000000001,1,6,0.00400009,3.6063,0.0286120900000001
79516,2024-03-01 07:25:35.994,79506.90000000001,1,6,0.00400009,3.6063,0.0286132000000001
79517,2024-03-01 07:25:36.994,79507.90000000001,1,6,0.00400009,3.6064,0.0286143100000001
79518,2024-03-01 07:25:37.994,79508.90000000001,1,6,0.0040000999999999,3.6064,0.0286154200000001
79519,2024-03-01 07:25:38.994,79509.90000000001,1,6,0.00400009,3.6064,0.0286165300000001
79520,2024-03-01 07:25:39.994,79510.90000000001,1,6,0.00400008,3.6064,0.0286176500000001
79521,2024-03-01 07:25:40.994,79511.90000000001,1,6,0.00400011,3.6064,0.0286187600000001
79522,2024-03-01 07:25:41.994,79512.90000000001,1,6,0.0040000999999999,3.6065,0.0286198700000001
79523,2024-03-01 07:25:42.994,79513.90000000001,1,6,0.0040000999999999,3.6064,0.0286209800000001
79524,2024-03-01 07:25:43.994,79514.90000000001,1,6,0.0040000999999999,3.6065,0.0286220900000001
79525,2024-03-01 07:25:44.994,79515.90000000001,1,6,0.0040000999999999,3.6065,0.0286232000000001
79526,2024-03-01 07:25:45.994,79516.90000000001,1,6,0.0040000999999999,3.6065,0.0286243100000001
79527,2024-03-01 07:25:46.994,79517.90000000001,1,6,0.00400012,3.6066,0.0286254200000001
79528,2024-03-01 07:25:47.994,79518.90000000001,1,6,0.0040000999999999,3.6066,0.0286265300000001
79529,2024-03-01 07:25:48.994,79519.90000000001,1,6,0.00400012,3.6066,0.0286276500000001
79530,2024-03-01 07:25:49.994,79520.90000000001,1,6,0.00400013,3.6066,0.0286287600000001
79531,2024-03-01 07:25:50.994,79521.90000000001,1,6,0.00400012,3.6066,0.0286298700000001
79532,2024-03-01 07:25:51.994,79522.90000000001,1,6,0.00400011,3.6066,0.0286309800000001
79533,2024-03-01 07:25:52.994,79523.90000000001,1,6,0.00400012,3.6066,0.0286320900000001
79534,2024-03-01 07:25:53.994,79524.90000000001,1,6,0.0040000999999999,3.6067,0.0286332000000001
79535,2024-03-01 07:25:54.994,79525.90000000001,1,6,0.00400011,3.6067,0.0286343100000001
79536,2024-03-01 07:25:55.994,79526.90000000001,1,6,0.0040000999999999,3.6067,0.0286354200000001
79537,2024-03-01 07:25:56.994,79527.90000000001,1,6,0.0040000999999999,3.6067,0.0286365300000001
79538,2024-03-01 07:25:57.994,79528.90000000001,1,6,0.0040000999999999,3.6067,0.0286376500000001
79539,2024-03-01 07:25:58.994,79529.90000000001,1,6,0.00400011,3.6068,0.0286387600000001
79540,2024-03-01 07:25:59.994,79530.90000000001,1,6,0.00400009,3.6068,0.0286398700000001
79541,2024-03-01 07:26:00.994,79531.90000000001,1,6,0.0040000999999999,3.6068,0.0286409800000001
79542,2024-03-01 07:26:01.994,79532.90000000001,1,6,0.0040000999999999,3.6068,0.0286420900000001
79543,2024-03-01 07:26:02.994,79533.90000000001,1,6,0.0040000999999999,3.6068,0.0286432000000001
79544,2024-03-01 07:26:03.994,79534.90000000001,1,6,0.00400011,3.6069,0.0286443100000001
79545,2024-03-01 07:26:04.994,79535.90000000001,1,6,0.00400008,3.6069,0.0286454200000001
79546,2024-03-01 07:26:05.994,79536.90000000001,1,6,0.0040000999999999,3.6069,0.0286465300000001
79547,2024-03-01 07:26:06.994,79537.90000000001,1,6,0.00400009,3.6069,0.0286476500000001
79548,2024-03-01 07:26:07.994,79538.90000000001,1,6,0.00400009,3.6069,0.0286487600000001
79549,2024-03-01 07:26:08.994,79539.90000000001,1,6,0.00400011,3.607,0.0286498700000001
79550,2024-03-01 07:26:09.994,79540.90000000001,1,6,0.0040000999999999,3.607,0.0286509800000001
79551,2024-03-01 07:26:10.994,79541.90000000001,1,6,0.00400012,3.607,0.0286520900000001
79552,2024-03-01 07:26:11.994,79542.90000000001,1,6,0.00400011,3.607,0.0286532000000001
79553,2024-03-01 07:26:12.994,79543.90000000001,1,6,0.00400012,3.607,0.0286543100000001
79554,2024-03-01 07:26:13.994,79544.90000000001,1,6,0.00400012,3.607,0.0286554200000001
79555,2024-03-01 07:26:14.994,79545.90000000001,1,6,0.00400011,3.6071,0.0286565400000001
79556,2024-03-01 07:26:15.994,79546.90000000001,1,6,0.0040000999999999,3.6071,0.0286576500000001
79557,2024-03-01 07:26:16.994,79547.90000000001,1,6,0.00400011,3.6071,0.0286587600000001
79558,2024-03-01 07:26:17.994,79548.90000000001,1,6,0.0040000999999999,3.6071,0.0286598700000001
79559,2024-03-01 07:26:18.994,79549.90000000001,1,6,0.00400011,3.6072,0.0286609800000001
79560,2024-03-01 07:26:19.994,79550.90000000001,1,6,0.00400011,3.6072,0.0286620900000001
79561,2024-03-01 07:26:20.994,79551.90000000001,1,6,0.0040000999999999,3.6072,0.0286632000000001
79562,2024-03-01 07:26:21.994,79552.90000000001,1,6,0.00400011,3.6072,0.0286643100000001
79563,2024-03-01 07:26:22.994,79553.90000000001,1,6,0.00400011,3.6072,0.0286654200000001
79564,2024-03-01 07:26:23.994,79554.90000000001,1,6,0.00400012,3.6072,0.0286665400000001
79565,2024-03-01 07:26:24.994,79555.90000000001,1,6,0.00400013,3.6073,0.0286676500000001
79566,2024-03-01 07:26:25.994,79556.90000000001,1,6,0.00400011,3.6073,0.0286687600000001
79567,2024-03-01 07:26:26.994,79557.90000000001,1,6,0.0040000999999999,3.6073,0.0286698700000001
79568,2024-03-01 07:26:27.994,79558.90000000001,1,6,0.00400012,3.6073,0.0286709800000001
79569,2024-03-01 07:26:28.994,79559.90000000001,1,6,0.00400013,3.6073,0.0286720900000001
79570,2024-03-01 07:26:29.994,79560.90000000001,1,6,0.00400011,3.6073,0.0286732000000001
79571,2024-03-01 07:26:30.994,79561.90000000001,1,6,0.00400012,3.6074,0.0286743100000001
79572,2024-03-01 07:26:31.994,79562.90000000001,1,6,0.00400013,3.6074,0.0286754200000001
79573,2024-03-01 07:26:32.994,79563.90000000001,1,6,0.00400013,3.6074,0.0286765400000001
79574,2024-03-01 07:26:33.994,79564.90000000001,1,6,0.00400011,3.6074,0.0286776500000001
79575,2024-03-01 07:26:34.994,79565.90000000001,1,6,0.00400012,3.6074,0.0286787600000001
79576,2024-03-01 07:26:35.994,79566.90000000001,1,6,0.00400012,3.6075,0.0286798700000001
79577,2024-03-01 07:26:36.994,79567.90000000001,1,6,0.00400011,3.6075,0.0286809800000001
79578,2024-03-01 07:26:37.994,79568.90000000001,1,6,0.0040000999999999,3.6075,0.0286820900000001
79579,2024-03-01 07:26:38.994,79569.90000000001,1,6,0.00400011,3.6075,0.0286832000000001
79580,2024-03-01 07:26:39.994,79570.90000000001,1,6,0.00400011,3.6075,0.0286843100000001
79581,2024-03-01 07:26:40.994,79571.90000000001,1,6,0.00400013,3.6076,0.0286854300000001
79582,2024-03-01 07:26:41.994,79572.90000000001,1,6,0.00400012,3.6076,0.0286865400000001
79583,2024-03-01 07:26:42.994,79573.90000000001,1,6,0.00400012,3.6076,0.0286876500000001
79584,2024-03-01 07:26:43.994,79574.90000000001,1,6,0.00400011,3.6076,0.0286887600000001
79585,2024-03-01 07:26:44.994,79575.90000000001,1,6,0.00400012,3.6077,0.0286898700000001
79586,2024-03-01 07:26:45.994,79576.90000000001,1,6,0.00400013,3.6077,0.0286909800000001
79587,2024-03-01 07:26:46.994,79577.90000000001,1,6,0.00400013,3.6077,0.0286920900000001
79588,2024-03-01 07:26:47.994,79578.90000000001,1,6,0.00400012,3.6077,0.0286932000000001
79589,2024-03-01 07:26:48.994,79579.90000000001,1,6,0.00400012,3.6077,0.0286943100000001
79590,2024-03-01 07:26:49.994,79580.90000000001,1,6,0.00400012,3.6077,0.0286954300000001
79591,2024-03-01 07:26:50.994,79581.90000000001,1,6,0.00400012,3.6077,0.0286965400000001
79592,2024-03-01 07:26:51.994,79582.90000000001,1,6,0.00400011,3.6078,0.0286976500000001
79593,2024-03-01 07:26:52.994,79583.90000000001,1,6,0.00400011,3.6078,0.0286987600000001
79594,2024-03-01 07:26:53.994,79584.90000000001,1,6,0.00400011,3.6078,0.0286998700000001
79595,2024-03-01 07:26:54.994,79585.90000000001,1,6,0.0040000999999999,3.6078,0.0287009800000001
79596,2024-03-01 07:26:55.994,79586.90000000001,1,6,0.00400009,3.6078,0.0287020900000001
79597,2024-03-01 07:26:56.994,79587.90000000001,1,6,0.0040000999999999,3.6079,0.0287032000000001
79598,2024-03-01 07:26:57.994,79588.90000000001,1,6,0.00400009,3.6079,0.0287043100000001
79599,2024-03-01 07:26:58.994,79589.90000000001,1,6,0.00400009,3.6079,0.0287054300000001
79600,2024-03-01 07:26:59.994,79590.90000000001,1,6,0.00400009,3.6079,0.0287065400000001
79601,2024-03-01 07:27:00.994,79591.90000000001,1,6,0.00400007,3.6079,0.0287076500000001
79602,2024-03-01 07:27:01.994,79592.90000000001,1,6,0.00400009,3.6079,0.0287087600000001
79603,2024-03-01 07:27:02.994,79593.90000000001,1,6,0.00400007,3.608,0.0287098700000001
79604,2024-03-01 07:27:03.994,79594.90000000001,1,6,0.00400009,3.608,0.0287109800000001
79605,2024-03-01 07:27:04.994,79595.90000000001,1,6,0.00400007,3.608,0.0287120900000001
79606,2024-03-01 07:27:05.994,79596.90000000001,1,6,0.0040000999999999,3.608,0.0287132000000001
79607,2024-03-01 07:27:06.994,79597.90000000001,1,6,0.00400008,3.608,0.0287143100000001
79608,2024-03-01 07:27:07.994,79598.90000000001,1,6,0.00400009,3.6081,0.0287154300000001
79609,2024-03-01 07:27:08.994,79599.90000000001,1,6,0.00400008,3.6081,0.0287165400000001
79610,2024-03-01 07:27:09.994,79600.90000000001,1,6,0.00400011,3.6081,0.0287176500000001
79611,2024-03-01 07:27:10.994,79601.90000000001,1,6,0.00400009,3.6081,0.0287187600000001
79612,2024-03-01 07:27:11.994,79602.90000000001,1,6,0.00400009,3.6081,0.0287198700000001
79613,2024-03-01 07:27:12.994,79603.90000000001,1,6,0.00400008,3.6081,0.0287209800000001
79614,2024-03-01 07:27:13.994,79604.90000000001,1,6,0.00400009,3.6082,0.0287220900000001
79615,2024-03-01 07:27:14.994,79605.90000000001,1,6,0.00400007,3.6082,0.0287232000000001
79616,2024-03-01 07:27:15.994,79606.90000000001,1,6,0.00400007,3.6082,0.0287243100000001
79617,2024-03-01 07:27:16.994,79607.90000000001,1,6,0.00400008,3.6082,0.0287254300000001
79618,2024-03-01 07:27:17.994,79608.90000000001,1,6,0.00400008,3.6083,0.0287265400000001
79619,2024-03-01 07:27:18.994,79609.90000000001,1,6,0.00400009,3.6083,0.0287276500000001
79620,2024-03-01 07:27:19.994,79610.90000000001,1,6,0.0040000999999999,3.6083,0.0287287600000001
79621,2024-03-01 07:27:20.994,79611.90000000001,1,6,0.00400008,3.6083,0.0287298700000001
79622,2024-03-01 07:27:21.994,79612.90000000001,1,6,0.00400009,3.6083,0.0287309800000001
79623,2024-03-01 07:27:22.994,79613.90000000001,1,6,0.00400009,3.6083,0.0287320900000001
79624,2024-03-01 07:27:23.994,79614.90000000001,1,6,0.00400009,3.6084,0.0287332000000001
79625,2024-03-01 07:27:24.994,79615.90000000001,1,6,0.00400008,3.6084,0.0287343200000001
79626,2024-03-01 07:27:25.994,79616.90000000001,1,6,0.00400007,3.6084,0.0287354300000001
79627,2024-03-01 07:27:26.994,79617.90000000001,1,6,0.0040000999999999,3.6084,0.0287365400000001
79628,2024-03-01 07:27:27.994,79618.90000000001,1,6,0.00400009,3.6084,0.0287376500000001
79629,2024-03-01 07:27:28.994,79619.90000000001,1,6,0.0040000999999999,3.6085,0.0287387600000001
79630,2024-03-01 07:27:29.994,79620.90000000001,1,6,0.0040000999999999,3.6085,0.0287398700000001
79631,2024-03-01 07:27:30.994,79621.90000000001,1,6,0.00400008,3.6085,0.0287409800000001
79632,2024-03-01 07:27:31.994,79622.90000000001,1,6,0.00400009,3.6085,0.0287420900000001
79633,2024-03-01 07:27:32.994,79623.90000000001,1,6,0.00400009,3.6085,0.0287432000000001
79634,2024-03-01 07:27:33.994,79624.90000000001,1,6,0.0040000999999999,3.6086,0.0287443200000001
79635,2024-03-01 07:27:34.994,79625.90000000001,1,6,0.0040000999999999,3.6086,0.0287454300000001
79636,2024-03-01 07:27:35.994,79626.90000000001,1,6,0.00400012,3.6086,0.0287465400000001
79637,2024-03-01 07:27:36.994,79627.90000000001,1,6,0.00400011,3.6086,0.0287476500000001
79638,2024-03-01 07:27:37.994,79628.90000000001,1,6,0.0040000999999999,3.6086,0.0287487600000001
79639,2024-03-01 07:27:38.994,79629.90000000001,1,6,0.0040000999999999,3.6087,0.0287498700000001
79640,2024-03-01 07:27:39.994,79630.90000000001,1,6,0.00400011,3.6087,0.0287509800000001
79641,2024-03-01 07:27:40.994,79631.90000000001,1,6,0.00400011,3.6087,0.0287520900000001
79642,2024-03-01 07:27:41.994,79632.90000000001,1,6,0.00400011,3.6087,0.0287532000000001
79643,2024-03-01 07:27:42.994,79633.90000000001,1,6,0.0040000999999999,3.6087,0.0287543200000001
79644,2024-03-01 07:27:43.994,79634.90000000001,1,6,0.0040000999999999,3.6087,0.0287554300000001
79645,2024-03-01 07:27:44.994,79635.90000000001,1,6,0.00400011,3.6087,0.0287565400000001
79646,2024-03-01 07:27:45.994,79636.90000000001,1,6,0.00400011,3.6088,0.0287576500000001
79647,2024-03-01 07:27:46.994,79637.90000000001,1,6,0.00400011,3.6088,0.0287587600000001
79648,2024-03-01 07:27:47.994,79638.90000000001,1,6,0.00400012,3.6088,0.0287598700000001
79649,2024-03-01 07:27:48.994,79639.90000000001,1,6,0.00400012,3.6088,0.0287609800000001
79650,2024-03-01 07:27:49.994,79640.90000000001,1,6,0.00400012,3.6089,0.0287620900000001
79651,2024-03-01 07:27:50.994,79641.90000000001,1,6,0.0040000999999999,3.6089,0.0287632100000001
79652,2024-03-01 07:27:51.994,79642.90000000001,1,6,0.0040000999999999,3.6089,0.0287643200000001
79653,2024-03-01 07:27:52.994,79643.90000000001,1,6,0.00400011,3.6089,0.0287654300000001
79654,2024-03-01 07:27:53.994,79644.90000000001,1,6,0.00400011,3.6089,0.0287665400000001
79655,2024-03-01 07:27:54.994,79645.90000000001,1,6,0.0040000999999999,3.609,0.0287676500000001
79656,2024-03-01 07:27:55.994,79646.90000000001,1,6,0.0040000999999999,3.609,0.0287687600000001
79657,2024-03-01 07:27:56.994,79647.90000000001,1,6,0.00400011,3.609,0.0287698700000001
79658,2024-03-01 07:27:57.994,79648.90000000001,1,6,0.00400011,3.609,0.0287709800000001
79659,2024-03-01 07:27:58.994,79649.90000000001,1,6,0.00400012,3.609,0.0287720900000001
79660,2024-03-01 07:27:59.994,79650.90000000001,1,6,0.00400012,3.609,0.0287732100000001
79661,2024-03-01 07:28:00.994,79651.90000000001,1,6,0.00400011,3.6091,0.0287743200000001
79662,2024-03-01 07:28:01.994,79652.90000000001,1,6,0.00400011,3.6091,0.0287754300000001
79663,2024-03-01 07:28:02.994,79653.90000000001,1,6,0.00400012,3.6091,0.0287765400000001
79664,2024-03-01 07:28:03.994,79654.90000000001,1,6,0.00400013,3.6091,0.0287776500000001
79665,2024-03-01 07:28:04.994,79655.90000000001,1,6,0.00400012,3.6091,0.0287787600000001
79666,2024-03-01 07:28:05.994,79656.90000000001,1,6,0.00400011,3.6091,0.0287798700000001
79667,2024-03-01 07:28:06.994,79657.90000000001,1,6,0.00400012,3.6092,0.0287809800000001
79668,2024-03-01 07:28:07.994,79658.90000000001,1,6,0.0040000999999999,3.6092,0.0287820900000001
79669,2024-03-01 07:28:08.994,79659.90000000001,1,6,0.00400013,3.6092,0.0287832100000001
79670,2024-03-01 07:28:09.994,79660.90000000001,1,6,0.00400013,3.6092,0.0287843200000001
79671,2024-03-01 07:28:10.994,79661.90000000001,1,6,0.00400011,3.6092,0.0287854300000001
79672,2024-03-01 07:28:11.994,79662.90000000001,1,6,0.00400011,3.6093,0.0287865400000001
79673,2024-03-01 07:28:12.994,79663.90000000001,1,6,0.00400011,3.6093,0.0287876500000001
79674,2024-03-01 07:28:13.994,79664.90000000001,1,6,0.00400011,3.6093,0.0287887600000001
79675,2024-03-01 07:28:14.994,79665.90000000001,1,6,0.00400011,3.6093,0.0287898700000001
79676,2024-03-01 07:28:15.994,79666.90000000001,1,6,0.0040000999999999,3.6093,0.0287909800000001
79677,2024-03-01 07:28:16.994,79667.90000000001,1,6,0.00400011,3.6094,0.0287920900000001
79678,2024-03-01 07:28:17.994,79668.90000000001,1,6,0.00400011,3.6094,0.0287932100000001
79679,2024-03-01 07:28:18.994,79669.90000000001,1,6,0.00400012,3.6094,0.0287943200000001
79680,2024-03-01 07:28:19.994,79670.90000000001,1,6,0.00400012,3.6094,0.0287954300000001
79681,2024-03-01 07:28:20.994,79671.90000000001,1,6,0.00400011,3.6094,0.0287965400000001
79682,2024-03-01 07:28:21.994,79672.90000000001,1,6,0.00400011,3.6094,0.0287976500000001
79683,2024-03-01 07:28:22.994,79673.90000000001,1,6,0.00400012,3.6095,0.0287987600000001
79684,2024-03-01 07:28:23.994,79674.90000000001,1,6,0.00400012,3.6095,0.0287998700000001
79685,2024-03-01 07:28:24.994,79675.90000000001,1,6,0.00400011,3.6095,0.0288009800000001
79686,2024-03-01 07:28:25.994,79676.90000000001,1,6,0.00400011,3.6095,0.0288021000000001
79687,2024-03-01 07:28:26.994,79677.90000000001,1,6,0.0040000999999999,3.6095,0.0288032100000001
79688,2024-03-01 07:28:27.994,79678.90000000001,1,6,0.0040000999999999,3.6096,0.0288043200000001
79689,2024-03-01 07:28:28.994,79679.90000000001,1,6,0.00400011,3.6096,0.0288054300000001
79690,2024-03-01 07:28:29.994,79680.90000000001,1,6,0.00400011,3.6096,0.0288065400000001
79691,2024-03-01 07:28:30.994,79681.90000000001,1,6,0.00400012,3.6096,0.0288076500000001
79692,2024-03-01 07:28:31.994,79682.90000000001,1,6,0.00400012,3.6096,0.0288087600000001
79693,2024-03-01 07:28:32.994,79683.90000000001,1,6,0.0040000999999999,3.6097,0.0288098700000001
79694,2024-03-01 07:28:33.994,79684.90000000001,1,6,0.00400009,3.6097,0.0288109800000001
79695,2024-03-01 07:28:34.994,79685.90000000001,1,6,0.00400011,3.6097,0.0288120900000001
79696,2024-03-01 07:28:35.994,79686.90000000001,1,6,0.00400011,3.6097,0.0288132100000001
79697,2024-03-01 07:28:36.994,79687.90000000001,1,6,0.00400011,3.6097,0.0288143200000001
79698,2024-03-01 07:28:37.994,79688.90000000001,1,6,0.00400012,3.6098,0.0288154300000001
79699,2024-03-01 07:28:38.994,79689.90000000001,1,6,0.00400013,3.6098,0.0288165400000001
79700,2024-03-01 07:28:39.994,79690.90000000001,1,6,0.00400013,3.6098,0.0288176500000001
79701,2024-03-01 07:28:40.994,79691.90000000001,1,6,0.00400012,3.6098,0.0288187600000001
79702,2024-03-01 07:28:41.994,79692.90000000001,1,6,0.00400012,3.6098,0.0288198700000001
79703,2024-03-01 07:28:42.994,79693.90000000001,1,6,0.00400012,3.6099,0.0288209800000001
79704,2024-03-01 07:28:43.994,79694.90000000001,1,6,0.00400012,3.6099,0.0288220900000001
79705,2024-03-01 07:28:44.994,79695.90000000001,1,6,0.00400011,3.6099,0.0288232100000001
79706,2024-03-01 07:28:45.994,79696.90000000001,1,6,0.00400011,3.6099,0.0288243200000001
79707,2024-03-01 07:28:46.994,79697.90000000001,1,6,0.00400012,3.6099,0.0288254300000001
79708,2024-03-01 07:28:47.994,79698.90000000001,1,6,0.0040000999999999,3.61,0.0288265400000001
79709,2024-03-01 07:28:48.994,79699.90000000001,1,6,0.00400011,3.61,0.0288276500000001
79710,2024-03-01 07:28:49.994,79700.90000000001,1,6,0.00400011,3.61,0.0288287600000001
79711,2024-03-01 07:28:50.994,79701.90000000001,1,6,0.00400011,3.61,0.0288298700000001
79712,2024-03-01 07:28:51.994,79702.90000000001,1,6,0.00400013,3.6101,0.0288309800000001
79713,2024-03-01 07:28:52.994,79703.90000000001,1,6,0.00400013,3.6101,0.0288321000000001
79714,2024-03-01 07:28:53.994,79704.90000000001,1,6,0.00400013,3.6101,0.0288332100000001
79715,2024-03-01 07:28:54.994,79705.90000000001,1,6,0.00400012,3.6101,0.0288343200000001
79716,2024-03-01 07:28:55.994,79706.90000000001,1,6,0.00400013,3.6101,0.0288354300000001
79717,2024-03-01 07:28:56.994,79707.90000000001,1,6,0.00400013,3.6101,0.0288365400000001
79718,2024-03-01 07:28:57.994,79708.90000000001,1,6,0.00400013,3.6102,0.0288376500000001
79719,2024-03-01 07:28:58.994,79709.90000000001,1,6,0.00400011,3.6102,0.0288387600000001
79720,2024-03-01 07:28:59.994,79710.90000000001,1,6,0.00400013,3.6102,0.0288398700000001
79721,2024-03-01 07:29:00.994,79711.90000000001,1,6,0.00400012,3.6102,0.0288409800000001
79722,2024-03-01 07:29:01.994,79712.90000000001,1,6,0.00400012,3.6102,0.0288421000000001
79723,2024-03-01 07:29:02.994,79713.90000000001,1,6,0.00400012,3.6102,0.0288432100000001
79724,2024-03-01 07:29:03.994,79714.90000000001,1,6,0.00400013,3.6102,0.0288443200000001
79725,2024-03-01 07:29:04.994,79715.90000000001,1,6,0.00400013,3.6103,0.0288454300000001
79726,2024-03-01 07:29:05.994,79716.90000000001,1,6,0.00400013,3.6103,0.0288465400000001
79727,2024-03-01 07:29:06.994,79717.90000000001,1,6,0.00400012,3.6103,0.0288476500000001
79728,2024-03-01 07:29:07.994,79718.90000000001,1,6,0.00400013,3.6103,0.0288487600000001
79729,2024-03-01 07:29:08.994,79719.90000000001,1,6,0.00400013,3.6103,0.0288498700000001
79730,2024-03-01 07:29:09.994,79720.90000000001,1,6,0.00400013,3.6104,0.0288509800000001
79731,2024-03-01 07:29:10.994,79721.90000000001,1,6,0.00400012,3.6104,0.0288521000000001
79732,2024-03-01 07:29:11.994,79722.90000000001,1,6,0.00400013,3.6104,0.0288532100000001
79733,2024-03-01 07:29:12.994,79723.90000000001,1,6,0.00400013,3.6104,0.0288543200000001
79734,2024-03-01 07:29:13.994,79724.90000000001,1,6,0.00400011,3.6104,0.0288554300000001
79735,2024-03-01 07:29:14.994,79725.90000000001,1,6,0.00400013,3.6105,0.0288565400000001
79736,2024-03-01 07:29:15.994,79726.90000000001,1,6,0.00400013,3.6105,0.0288576500000001
79737,2024-03-01 07:29:16.994,79727.90000000001,1,6,0.00400013,3.6105,0.0288587600000001
79738,2024-03-01 07:29:17.994,79728.90000000001,1,6,0.00400014,3.6105,0.0288598700000001
79739,2024-03-01 07:29:18.994,79729.90000000001,1,6,0.00400014,3.6106,0.0288609800000001
79740,2024-03-01 07:29:19.994,79730.90000000001,1,6,0.00400013,3.6106,0.0288621000000001
79741,2024-03-01 07:29:20.994,79731.90000000001,1,6,0.00400014,3.6106,0.0288632100000001
79742,2024-03-01 07:29:21.994,79732.90000000001,1,6,0.00400013,3.6106,0.0288643200000001
79743,2024-03-01 07:29:22.994,79733.90000000001,1,6,0.00400012,3.6106,0.0288654300000001
79744,2024-03-01 07:29:23.994,79734.90000000001,1,6,0.00400013,3.6106,0.0288665400000001
79745,2024-03-01 07:29:24.994,79735.90000000001,1,6,0.00400013,3.6106,0.0288676500000001
79746,2024-03-01 07:29:25.994,79736.90000000001,1,6,0.00400013,3.6107,0.0288687600000001
79747,2024-03-01 07:29:26.994,79737.90000000001,1,6,0.00400014,3.6107,0.0288698700000001
79748,2024-03-01 07:29:27.994,79738.90000000001,1,6,0.00400013,3.6107,0.0288709900000001
79749,2024-03-01 07:29:28.994,79739.90000000001,1,6,0.00400013,3.6107,0.0288721000000001
79750,2024-03-01 07:29:29.994,79740.90000000001,1,6,0.00400013,3.6108,0.0288732100000001
79751,2024-03-01 07:29:30.994,79741.90000000001,1,6,0.00400012,3.6108,0.0288743200000001
79752,2024-03-01 07:29:31.994,79742.90000000001,1,6,0.00400012,3.6108,0.0288754300000001
79753,2024-03-01 07:29:32.994,79743.90000000001,1,6,0.00400013,3.6108,0.0288765400000001
79754,2024-03-01 07:29:33.994,79744.90000000001,1,6,0.0040000999999999,3.6108,0.0288776500000001
79755,2024-03-01 07:29:34.994,79745.90000000001,1,6,0.0040000999999999,3.6108,0.0288787600000001
79756,2024-03-01 07:29:35.994,79746.90000000001,1,6,0.00400011,3.6109,0.0288798700000001
79757,2024-03-01 07:29:36.994,79747.90000000001,1,6,0.0040000999999999,3.6109,0.0288809900000001
79758,2024-03-01 07:29:37.994,79748.90000000001,1,6,0.0040000999999999,3.6109,0.0288821000000001
79759,2024-03-01 07:29:38.994,79749.90000000001,1,6,0.0040000999999999,3.6109,0.0288832100000001
79760,2024-03-01 07:29:39.994,79750.90000000001,1,6,0.00400011,3.6109,0.0288843200000001
79761,2024-03-01 07:29:40.994,79751.90000000001,1,6,0.0040000999999999,3.6109,0.0288854300000001
79762,2024-03-01 07:29:41.994,79752.90000000001,1,6,0.00400012,3.611,0.0288865400000001
79763,2024-03-01 07:29:42.994,79753.90000000001,1,6,0.00400011,3.611,0.0288876500000001
79764,2024-03-01 07:29:43.994,79754.90000000001,1,6,0.00400011,3.611,0.0288887600000001
79765,2024-03-01 07:29:44.994,79755.90000000001,1,6,0.00400011,3.611,0.0288898700000001
79766,2024-03-01 07:29:45.994,79756.90000000001,1,6,0.00400011,3.611,0.0288909900000001
79767,2024-03-01 07:29:46.994,79757.90000000001,1,6,0.00400011,3.611,0.0288921000000001
79768,2024-03-01 07:29:47.994,79758.90000000001,1,6,0.00400012,3.6111,0.0288932100000001
79769,2024-03-01 07:29:48.994,79759.90000000001,1,6,0.00400011,3.6111,0.0288943200000001
79770,2024-03-01 07:29:49.994,79760.90000000001,1,6,0.00400012,3.6111,0.0288954300000001
79771,2024-03-01 07:29:50.994,79761.90000000001,1,6,0.00400012,3.6111,0.0288965400000001
79772,2024-03-01 07:29:51.994,79762.90000000001,1,6,0.00400013,3.6111,0.0288976500000001
79773,2024-03-01 07:29:52.994,79763.90000000001,1,6,0.00400012,3.6112,0.0288987600000001
79774,2024-03-01 07:29:53.994,79764.90000000001,1,6,0.00400014,3.6112,0.0288998700000001
79775,2024-03-01 07:29:54.994,79765.90000000001,1,6,0.00400012,3.6112,0.0289009900000001
79776,2024-03-01 07:29:55.994,79766.90000000001,1,6,0.00400013,3.6112,0.0289021000000001
79777,2024-03-01 07:29:56.994,79767.90000000001,1,6,0.00400013,3.6112,0.0289032100000001
79778,2024-03-01 07:29:57.994,79768.90000000001,1,6,0.00400011,3.6113,0.0289043200000001
79779,2024-03-01 07:29:58.994,79769.90000000001,1,6,0.00400012,3.6113,0.0289054300000001
79780,2024-03-01 07:29:59.994,79770.90000000001,1,6,0.00400013,3.6113,0.0289065400000001
79781,2024-03-01 07:30:00.994,79771.90000000001,1,6,0.00400012,3.6113,0.0289076500000001
79782,2024-03-01 07:30:01.994,79772.90000000001,1,6,0.00400013,3.6113,0.0289087600000001
79783,2024-03-01 07:30:02.994,79773.90000000001,1,6,0.00400013,3.6113,0.0289098800000001
79784,2024-03-01 07:30:03.994,79774.90000000001,1,6,0.00400014,3.6113,0.0289109900000001
79785,2024-03-01 07:30:04.994,79775.90000000001,1,6,0.00400012,3.6114,0.0289121000000001
79786,2024-03-01 07:30:05.994,79776.90000000001,1,6,0.0040000999999999,3.6114,0.0289132100000001
79787,2024-03-01 07:30:06.994,79777.90000000001,1,6,0.00400011,3.6114,0.0289143200000001
79788,2024-03-01 07:30:07.994,79778.90000000001,1,6,0.00400013,3.6115,0.0289154300000001
79789,2024-03-01 07:30:08.994,79779.90000000001,1,6,0.00400013,3.6114,0.0289165400000001
79790,2024-03-01 07:30:09.994,79780.90000000001,1,6,0.00400013,3.6115,0.0289176500000001
79791,2024-03-01 07:30:10.994,79781.90000000001,1,6,0.00400015,3.6115,0.0289187600000001
79792,2024-03-01 07:30:11.994,79782.90000000001,1,6,0.00400015,3.6115,0.0289198800000001
79793,2024-03-01 07:30:12.994,79783.90000000001,1,6,0.00400014,3.6116,0.0289209900000001
79794,2024-03-01 07:30:13.994,79784.90000000001,1,6,0.00400015,3.6116,0.0289221000000001
79795,2024-03-01 07:30:14.994,79785.90000000001,1,6,0.00400015,3.6116,0.0289232100000001
79796,2024-03-01 07:30:15.994,79786.90000000001,1,6,0.00400017,3.6116,0.0289243200000001
79797,2024-03-01 07:30:16.994,79787.90000000001,1,6,0.00400015,3.6116,0.0289254300000001
79798,2024-03-01 07:30:17.994,79788.90000000001,1,6,0.00400013,3.6116,0.0289265400000001
79799,2024-03-01 07:30:18.994,79789.90000000001,1,6,0.00400014,3.6117,0.0289276500000001
79800,2024-03-01 07:30:19.994,79790.90000000001,1,6,0.00400014,3.6117,0.0289287600000001
79801,2024-03-01 07:30:20.994,79791.90000000001,1,6,0.00400015,3.6117,0.0289298800000001
79802,2024-03-01 07:30:21.994,79792.90000000001,1,6,0.00400014,3.6117,0.0289309900000001
79803,2024-03-01 07:30:22.994,79793.90000000001,1,6,0.00400014,3.6117,0.0289321000000001
79804,2024-03-01 07:30:23.994,79794.90000000001,1,6,0.00400014,3.6118,0.0289332100000001
79805,2024-03-01 07:30:24.994,79795.90000000001,1,6,0.00400013,3.6118,0.0289343200000001
79806,2024-03-01 07:30:25.994,79796.90000000001,1,6,0.00400013,3.6118,0.0289354300000001
79807,2024-03-01 07:30:26.994,79797.90000000001,1,6,0.00400014,3.6118,0.0289365400000001
79808,2024-03-01 07:30:27.994,79798.90000000001,1,6,0.00400013,3.6118,0.0289376500000001
79809,2024-03-01 07:30:28.994,79799.90000000001,1,6,0.00400013,3.6118,0.0289387700000001
79810,2024-03-01 07:30:29.994,79800.90000000001,1,6,0.00400012,3.6119,0.0289398800000001
79811,2024-03-01 07:30:30.994,79801.90000000001,1,6,0.00400013,3.6119,0.0289409900000001
79812,2024-03-01 07:30:31.994,79802.90000000001,1,6,0.00400013,3.6119,0.0289421000000001
79813,2024-03-01 07:30:32.994,79803.90000000001,1,6,0.00400012,3.6119,0.0289432100000001
79814,2024-03-01 07:30:33.994,79804.90000000001,1,6,0.00400014,3.6119,0.0289443200000001
79815,2024-03-01 07:30:34.994,79805.90000000001,1,6,0.00400013,3.6119,0.0289454300000001
79816,2024-03-01 07:30:35.994,79806.90000000001,1,6,0.00400013,3.612,0.0289465400000001
79817,2024-03-01 07:30:36.994,79807.90000000001,1,6,0.00400013,3.612,0.0289476600000001
79818,2024-03-01 07:30:37.994,79808.90000000001,1,6,0.00400015,3.612,0.0289487700000001
79819,2024-03-01 07:30:38.994,79809.90000000001,1,6,0.00400013,3.612,0.0289498800000001
79820,2024-03-01 07:30:39.994,79810.90000000001,1,6,0.00400012,3.6121,0.0289509900000001
79821,2024-03-01 07:30:40.994,79811.90000000001,1,6,0.00400012,3.6121,0.0289521000000001
79822,2024-03-01 07:30:41.994,79812.90000000001,1,6,0.00400012,3.6121,0.0289532100000001
79823,2024-03-01 07:30:42.994,79813.90000000001,1,6,0.00400013,3.6121,0.0289543200000001
79824,2024-03-01 07:30:43.994,79814.90000000001,1,6,0.00400013,3.6121,0.0289554300000001
79825,2024-03-01 07:30:44.994,79815.90000000001,1,6,0.00400012,3.6122,0.0289565400000001
79826,2024-03-01 07:30:45.994,79816.90000000001,1,6,0.00400011,3.6121,0.0289576600000001
79827,2024-03-01 07:30:46.994,79817.90000000001,1,6,0.00400012,3.6122,0.0289587700000001
79828,2024-03-01 07:30:47.994,79818.90000000001,1,6,0.00400011,3.6122,0.0289598800000001
79829,2024-03-01 07:30:48.994,79819.90000000001,1,6,0.00400011,3.6122,0.0289609900000001
79830,2024-03-01 07:30:49.994,79820.90000000001,1,6,0.00400014,3.6122,0.0289621000000001
79831,2024-03-01 07:30:50.994,79821.90000000001,1,6,0.00400013,3.6122,0.0289632100000001
79832,2024-03-01 07:30:51.994,79822.90000000001,1,6,0.00400014,3.6123,0.0289643200000001
79833,2024-03-01 07:30:52.994,79823.90000000001,1,6,0.00400014,3.6123,0.0289654300000001
79834,2024-03-01 07:30:53.994,79824.90000000001,1,6,0.00400014,3.6123,0.0289665400000001
79835,2024-03-01 07:30:54.994,79825.90000000001,1,6,0.00400015,3.6123,0.0289676600000001
79836,2024-03-01 07:30:55.994,79826.90000000001,1,6,0.00400014,3.6124,0.0289687700000001
79837,2024-03-01 07:30:56.994,79827.90000000001,1,6,0.00400012,3.6124,0.0289698800000001
79838,2024-03-01 07:30:57.994,79828.90000000001,1,6,0.00400013,3.6124,0.0289709900000001
79839,2024-03-01 07:30:58.994,79829.90000000001,1,6,0.00400014,3.6124,0.0289721000000001
79840,2024-03-01 07:30:59.994,79830.90000000001,1,6,0.00400013,3.6124,0.0289732100000001
79841,2024-03-01 07:31:00.994,79831.90000000001,1,6,0.00400012,3.6124,0.0289743200000001
79842,2024-03-01 07:31:01.994,79832.90000000001,1,6,0.00400011,3.6125,0.0289754300000001
79843,2024-03-01 07:31:02.994,79833.90000000001,1,6,0.0040000999999999,3.6125,0.0289765400000001
79844,2024-03-01 07:31:03.994,79834.90000000001,1,6,0.00400011,3.6125,0.0289776600000001
79845,2024-03-01 07:31:04.994,79835.90000000001,1,6,0.00400012,3.6125,0.0289787700000001
79846,2024-03-01 07:31:05.994,79836.90000000001,1,6,0.00400013,3.6125,0.0289798800000001
79847,2024-03-01 07:31:06.994,79837.90000000001,1,6,0.00400012,3.6126,0.0289809900000001
79848,2024-03-01 07:31:07.994,79838.90000000001,1,6,0.00400013,3.6126,0.0289821000000001
79849,2024-03-01 07:31:08.994,79839.90000000001,1,6,0.00400011,3.6126,0.0289832100000001
79850,2024-03-01 07:31:09.994,79840.90000000001,1,6,0.00400011,3.6126,0.0289843200000001
79851,2024-03-01 07:31:10.994,79841.90000000001,1,6,0.00400011,3.6126,0.0289854300000001
79852,2024-03-01 07:31:11.994,79842.90000000001,1,6,0.00400011,3.6126,0.0289865500000001
79853,2024-03-01 07:31:12.994,79843.90000000001,1,6,0.00400011,3.6127,0.0289876600000001
79854,2024-03-01 07:31:13.994,79844.90000000001,1,6,0.00400011,3.6127,0.0289887700000001
79855,2024-03-01 07:31:14.994,79845.90000000001,1,6,0.00400013,3.6127,0.0289898800000001
79856,2024-03-01 07:31:15.994,79846.90000000001,1,6,0.00400012,3.6127,0.0289909900000001
79857,2024-03-01 07:31:16.994,79847.90000000001,1,6,0.00400013,3.6127,0.0289921000000001
79858,2024-03-01 07:31:17.994,79848.90000000001,1,6,0.00400012,3.6128,0.0289932100000001
79859,2024-03-01 07:31:18.994,79849.90000000001,1,6,0.00400011,3.6128,0.0289943200000001
79860,2024-03-01 07:31:19.994,79850.90000000001,1,6,0.0040000999999999,3.6128,0.0289954300000001
79861,2024-03-01 07:31:20.994,79851.90000000001,1,6,0.00400009,3.6128,0.0289965500000001
79862,2024-03-01 07:31:21.994,79852.90000000001,1,6,0.0040000999999999,3.6128,0.0289976600000001
79863,2024-03-01 07:31:22.994,79853.90000000001,1,6,0.00400012,3.6128,0.0289987700000001
79864,2024-03-01 07:31:23.994,79854.90000000001,1,6,0.00400013,3.6129,0.0289998800000001
79865,2024-03-01 07:31:24.994,79855.90000000001,1,6,0.00400013,3.6129,0.0290009900000001
79866,2024-03-01 07:31:25.994,79856.90000000001,1,6,0.00400012,3.6129,0.0290021000000001
79867,2024-03-01 07:31:26.994,79857.90000000001,1,6,0.00400011,3.6129,0.0290032100000001
79868,2024-03-01 07:31:27.994,79858.90000000001,1,6,0.00400014,3.613,0.0290043200000001
79869,2024-03-01 07:31:28.994,79859.90000000001,1,6,0.00400014,3.613,0.0290054300000001
79870,2024-03-01 07:31:29.994,79860.90000000001,1,6,0.00400012,3.613,0.0290065500000001
79871,2024-03-01 07:31:30.994,79861.90000000001,1,6,0.00400012,3.613,0.0290076600000001
79872,2024-03-01 07:31:31.994,79862.90000000001,1,6,0.00400011,3.613,0.0290087700000001
79873,2024-03-01 07:31:32.994,79863.90000000001,1,6,0.00400011,3.613,0.0290098800000001
79874,2024-03-01 07:31:33.994,79864.90000000001,1,6,0.00400011,3.6131,0.0290109900000001
79875,2024-03-01 07:31:34.994,79865.90000000001,1,6,0.00400012,3.6131,0.0290121000000001
79876,2024-03-01 07:31:35.994,79866.90000000001,1,6,0.00400011,3.6131,0.0290132100000001
79877,2024-03-01 07:31:36.994,79867.90000000001,1,6,0.0040000999999999,3.6131,0.0290143200000001
79878,2024-03-01 07:31:37.994,79868.90000000001,1,6,0.00400011,3.6132,0.0290154300000001
79879,2024-03-01 07:31:38.994,79869.90000000001,1,6,0.00400013,3.6132,0.0290165500000001
79880,2024-03-01 07:31:39.994,79870.90000000001,1,6,0.00400012,3.6132,0.0290176600000001
79881,2024-03-01 07:31:40.994,79871.90000000001,1,6,0.00400012,3.6132,0.0290187700000001
79882,2024-03-01 07:31:41.994,79872.90000000001,1,6,0.00400011,3.6132,0.0290198800000001
79883,2024-03-01 07:31:42.994,79873.90000000001,1,6,0.00400013,3.6133,0.0290209900000001
79884,2024-03-01 07:31:43.994,79874.90000000001,1,6,0.00400013,3.6133,0.0290221000000001
79885,2024-03-01 07:31:44.994,79875.90000000001,1,6,0.00400012,3.6133,0.0290232100000001
79886,2024-03-01 07:31:45.994,79876.90000000001,1,6,0.00400012,3.6133,0.0290243200000001
79887,2024-03-01 07:31:46.994,79877.90000000001,1,6,0.00400012,3.6133,0.0290254400000001
79888,2024-03-01 07:31:47.994,79878.90000000001,1,6,0.00400015,3.6133,0.0290265500000001
79889,2024-03-01 07:31:48.994,79879.90000000001,1,6,0.00400015,3.6133,0.0290276600000001
79890,2024-03-01 07:31:49.994,79880.90000000001,1,6,0.00400014,3.6134,0.0290287700000001
79891,2024-03-01 07:31:50.994,79881.90000000001,1,6,0.00400012,3.6134,0.0290298800000001
79892,2024-03-01 07:31:51.994,79882.90000000001,1,6,0.00400013,3.6134,0.0290309900000001
79893,2024-03-01 07:31:52.994,79883.90000000001,1,6,0.00400013,3.6134,0.0290321000000001
79894,2024-03-01 07:31:53.994,79884.90000000001,1,6,0.00400013,3.6134,0.0290332100000001
79895,2024-03-01 07:31:54.994,79885.90000000001,1,6,0.00400013,3.6135,0.0290343200000001
79896,2024-03-01 07:31:55.994,79886.90000000001,1,6,0.00400013,3.6135,0.0290354400000001
79897,2024-03-01 07:31:56.994,79887.90000000001,1,6,0.00400013,3.6135,0.0290365500000001
79898,2024-03-01 07:31:57.994,79888.90000000001,1,6,0.00400014,3.6135,0.0290376600000001
79899,2024-03-01 07:31:58.994,79889.90000000001,1,6,0.00400012,3.6135,0.0290387700000001
79900,2024-03-01 07:31:59.994,79890.90000000001,1,6,0.00400012,3.6135,0.0290398800000001
79901,2024-03-01 07:32:00.994,79891.90000000001,1,6,0.00400011,3.6135,0.0290409900000001
79902,2024-03-01 07:32:01.994,79892.90000000001,1,6,0.00400011,3.6136,0.0290421000000001
79903,2024-03-01 07:32:02.994,79893.90000000001,1,6,0.0040000999999999,3.6136,0.0290432100000001
79904,2024-03-01 07:32:03.994,79894.90000000001,1,6,0.00400012,3.6136,0.0290443200000001
79905,2024-03-01 07:32:04.994,79895.90000000001,1,6,0.00400012,3.6136,0.0290454400000001
79906,2024-03-01 07:32:05.994,79896.90000000001,1,6,0.00400013,3.6136,0.0290465500000001
79907,2024-03-01 07:32:06.994,79897.90000000001,1,6,0.00400013,3.6137,0.0290476600000001
79908,2024-03-01 07:32:07.994,79898.90000000001,1,6,0.00400014,3.6137,0.0290487700000001
79909,2024-03-01 07:32:08.994,79899.90000000001,1,6,0.00400012,3.6137,0.0290498800000001
79910,2024-03-01 07:32:09.994,79900.90000000001,1,6,0.00400012,3.6137,0.0290509900000001
79911,2024-03-01 07:32:10.994,79901.90000000001,1,6,0.00400012,3.6138,0.0290521000000001
79912,2024-03-01 07:32:11.994,79902.90000000001,1,6,0.00400011,3.6138,0.0290532100000001
79913,2024-03-01 07:32:12.994,79903.90000000001,1,6,0.00400012,3.6138,0.0290543200000001
79914,2024-03-01 07:32:13.994,79904.90000000001,1,6,0.00400011,3.6138,0.0290554400000001
79915,2024-03-01 07:32:14.994,79905.90000000001,1,6,0.00400011,3.6138,0.0290565500000001
79916,2024-03-01 07:32:15.994,79906.90000000001,1,6,0.00400012,3.6138,0.0290576600000001
79917,2024-03-01 07:32:16.994,79907.90000000001,1,6,0.00400012,3.6139,0.0290587700000001
79918,2024-03-01 07:32:17.994,79908.90000000001,1,6,0.00400013,3.6139,0.0290598800000001
79919,2024-03-01 07:32:18.994,79909.90000000001,1,6,0.00400013,3.6139,0.0290609900000001
79920,2024-03-01 07:32:19.994,79910.90000000001,1,6,0.00400012,3.6139,0.0290621000000001
79921,2024-03-01 07:32:20.994,79911.90000000001,1,6,0.00400012,3.6139,0.0290632100000001
79922,2024-03-01 07:32:21.994,79912.90000000001,1,6,0.00400013,3.614,0.0290643300000001
79923,2024-03-01 07:32:22.994,79913.90000000001,1,6,0.00400012,3.614,0.0290654400000001
79924,2024-03-01 07:32:23.994,79914.90000000001,1,6,0.00400012,3.614,0.0290665500000001
79925,2024-03-01 07:32:24.994,79915.90000000001,1,6,0.00400013,3.614,0.0290676600000001
79926,2024-03-01 07:32:25.994,79916.90000000001,1,6,0.00400013,3.614,0.0290687700000001
79927,2024-03-01 07:32:26.994,79917.90000000001,1,6,0.00400012,3.614,0.0290698800000001
79928,2024-03-01 07:32:27.994,79918.90000000001,1,6,0.00400012,3.6141,0.0290709900000001
79929,2024-03-01 07:32:28.994,79919.90000000001,1,6,0.00400011,3.6141,0.0290721000000001
79930,2024-03-01 07:32:29.994,79920.90000000001,1,6,0.00400011,3.6141,0.0290732100000001
79931,2024-03-01 07:32:30.994,79921.90000000001,1,6,0.00400011,3.6141,0.0290743300000001
79932,2024-03-01 07:32:31.994,79922.90000000001,1,6,0.00400013,3.6141,0.0290754400000001
79933,2024-03-01 07:32:32.994,79923.90000000001,1,6,0.00400013,3.6142,0.0290765500000001
79934,2024-03-01 07:32:33.994,79924.90000000001,1,6,0.00400013,3.6142,0.0290776600000001
79935,2024-03-01 07:32:34.994,79925.90000000001,1,6,0.00400013,3.6142,0.0290787700000001
79936,2024-03-01 07:32:35.994,79926.90000000001,1,6,0.00400012,3.6142,0.0290798800000001
79937,2024-03-01 07:32:36.994,79927.90000000001,1,6,0.00400013,3.6142,0.0290809900000001
79938,2024-03-01 07:32:37.994,79928.90000000001,1,6,0.00400013,3.6142,0.0290821000000001
79939,2024-03-01 07:32:38.994,79929.90000000001,1,6,0.00400013,3.6143,0.0290832100000001
79940,2024-03-01 07:32:39.994,79930.90000000001,1,6,0.00400013,3.6143,0.0290843300000001
79941,2024-03-01 07:32:40.994,79931.90000000001,1,6,0.00400013,3.6143,0.0290854400000001
79942,2024-03-01 07:32:41.994,79932.90000000001,1,6,0.00400013,3.6143,0.0290865500000001
79943,2024-03-01 07:32:42.994,79933.90000000001,1,6,0.00400012,3.6143,0.0290876600000001
79944,2024-03-01 07:32:43.994,79934.90000000001,1,6,0.00400013,3.6144,0.0290887700000001
79945,2024-03-01 07:32:44.994,79935.90000000001,1,6,0.00400011,3.6144,0.0290898800000001
79946,2024-03-01 07:32:45.994,79936.90000000001,1,6,0.00400013,3.6144,0.0290909900000001
79947,2024-03-01 07:32:46.994,79937.90000000001,1,6,0.00400013,3.6144,0.0290921000000001
79948,2024-03-01 07:32:47.994,79938.90000000001,1,6,0.00400012,3.6144,0.0290932100000001
79949,2024-03-01 07:32:48.994,79939.90000000001,1,6,0.00400011,3.6145,0.0290943300000001
79950,2024-03-01 07:32:49.994,79940.90000000001,1,6,0.0040000999999999,3.6145,0.0290954400000001
79951,2024-03-01 07:32:50.994,79941.90000000001,1,6,0.00400011,3.6145,0.0290965500000001
79952,2024-03-01 07:32:51.994,79942.90000000001,1,6,0.00400013,3.6145,0.0290976600000001
79953,2024-03-01 07:32:52.994,79943.90000000001,1,6,0.00400014,3.6145,0.0290987700000001
79954,2024-03-01 07:32:53.994,79944.90000000001,1,6,0.00400013,3.6145,0.0290998800000001
79955,2024-03-01 07:32:54.994,79945.90000000001,1,6,0.00400012,3.6145,0.0291009900000001
79956,2024-03-01 07:32:55.994,79946.90000000001,1,6,0.00400011,3.6146,0.0291021000000001
79957,2024-03-01 07:32:56.994,79947.90000000001,1,6,0.00400012,3.6146,0.0291032200000001
79958,2024-03-01 07:32:57.994,79948.90000000001,1,6,0.00400014,3.6146,0.0291043300000001
